filename,labels
tensor(66),CLEOPATRA
tensor(0),ADONIS
tensor(12),GREEN CELLED CATTLEHEART
tensor(44),MONARCH
tensor(33),GREEN CELLED CATTLEHEART
tensor(14),CAIRNS BIRDWING
tensor(33),ATALA
tensor(27),GREY HAIRSTREAK
tensor(12),RED ADMIRAL
tensor(60),MONARCH
tensor(40),PIPEVINE SWALLOW
tensor(9),VICEROY
tensor(13),CABBAGE WHITE
tensor(58),EASTERN PINE ELFIN
tensor(49),JULIA
tensor(40),PURPLE HAIRSTREAK
tensor(50),CHESTNUT
tensor(65),MILBERTS TORTOISESHELL
tensor(52),CABBAGE WHITE
tensor(51),WOOD SATYR
tensor(15),EASTERN PINE ELFIN
tensor(37),JULIA
tensor(21),EASTERN PINE ELFIN
tensor(10),PURPLE HAIRSTREAK
tensor(19),SLEEPY ORANGE
tensor(67),MONARCH
tensor(46),RED CRACKER
tensor(56),SLEEPY ORANGE
tensor(19),PURPLISH COPPER
tensor(5),ATALA
tensor(36),IPHICLUS SISTER
tensor(14),CAIRNS BIRDWING
tensor(14),CAIRNS BIRDWING
tensor(9),STRAITED QUEEN
tensor(25),EASTERN COMA
tensor(49),CLOUDED SULPHUR
tensor(38),LARGE MARBLE
tensor(25),RED CRACKER
tensor(53),ATALA
tensor(11),GREEN CELLED CATTLEHEART
tensor(38),CLODIUS PARNASSIAN
tensor(27),EASTERN DAPPLE WHITE
tensor(38),LARGE MARBLE
tensor(49),PAINTED LADY
tensor(59),TROPICAL LEAFWING
tensor(57),SLEEPY ORANGE
tensor(24),CRIMSON PATCH
tensor(7),BANDED PEACOCK
tensor(15),CHECQUERED SKIPPER
tensor(25),DANAID EGGFLY
tensor(60),RED POSTMAN
tensor(21),EASTERN PINE ELFIN
tensor(62),SCARCE SWALLOW
tensor(25),JULIA
tensor(46),GREY HAIRSTREAK
tensor(22),AN 88
tensor(32),MOURNING CLOAK
tensor(46),RED ADMIRAL
tensor(62),CLODIUS PARNASSIAN
tensor(57),MALACHITE
tensor(35),INDRA SWALLOW
tensor(11),CHESTNUT
tensor(71),VICEROY
tensor(39),YELLOW SWALLOW TAIL
tensor(36),IPHICLUS SISTER
tensor(4),CLODIUS PARNASSIAN
tensor(40),ZEBRA LONG WING
tensor(58),RED ADMIRAL
tensor(69),TWO BARRED FLASHER
tensor(46),ORANGE OAKLEAF
tensor(44),MONARCH
tensor(5),MOURNING CLOAK
tensor(59),ORCHARD SWALLOW
tensor(45),MOURNING CLOAK
tensor(49),SLEEPY ORANGE
tensor(50),GREAT JAY
tensor(57),PEACOCK
tensor(69),TWO BARRED FLASHER
tensor(0),ADONIS
tensor(65),BANDED PEACOCK
tensor(68),TROPICAL LEAFWING
tensor(33),GREEN CELLED CATTLEHEART
tensor(35),CRIMSON PATCH
tensor(49),CRECENT
tensor(57),EASTERN COMA
tensor(4),APPOLLO
tensor(33),RED CRACKER
tensor(11),GREEN CELLED CATTLEHEART
tensor(50),PAPER KITE
tensor(54),POPINJAY
tensor(53),RED CRACKER
tensor(47),CLEOPATRA
tensor(21),CRIMSON PATCH
tensor(19),CLEOPATRA
tensor(24),CRIMSON PATCH
tensor(30),BANDED PEACOCK
tensor(62),SCARCE SWALLOW
tensor(50),PINE WHITE
tensor(13),CABBAGE WHITE
tensor(22),EASTERN COMA
tensor(8),APPOLLO
tensor(61),RED SPOTTED PURPLE
tensor(22),AMERICAN SNOOT
tensor(5),RED SPOTTED PURPLE
tensor(12),BROWN SIPROETA
tensor(25),AMERICAN SNOOT
tensor(43),RED CRACKER
tensor(35),INDRA SWALLOW
tensor(63),SCARCE SWALLOW
tensor(56),EASTERN COMA
tensor(12),DANAID EGGFLY
tensor(21),MILBERTS TORTOISESHELL
tensor(25),ORCHARD SWALLOW
tensor(9),BLACK HAIRSTREAK
tensor(60),COMMON WOOD-NYMPH
tensor(13),CABBAGE WHITE
tensor(2),AMERICAN SNOOT
tensor(8),PAINTED LADY
tensor(13),CABBAGE WHITE
tensor(43),CRECENT
tensor(37),JULIA
tensor(11),GREEN CELLED CATTLEHEART
tensor(3),PAPER KITE
tensor(44),PAINTED LADY
tensor(70),ULYSES
tensor(40),PAPER KITE
tensor(61),RED SPOTTED PURPLE
tensor(20),EASTERN PINE ELFIN
tensor(23),CLEOPATRA
tensor(30),EASTERN PINE ELFIN
tensor(35),ATALA
tensor(32),GREAT JAY
tensor(66),SLEEPY ORANGE
tensor(19),SLEEPY ORANGE
tensor(63),SILVER SPOT SKIPPER
tensor(13),CABBAGE WHITE
tensor(19),CLOUDED SULPHUR
tensor(42),CAIRNS BIRDWING
tensor(68),IPHICLUS SISTER
tensor(33),RED CRACKER
tensor(64),SLEEPY ORANGE
tensor(55),SOOTYWING
tensor(64),ELBOWED PIERROT
tensor(29),APPOLLO
tensor(66),SLEEPY ORANGE
tensor(60),RED POSTMAN
tensor(56),QUESTION MARK
tensor(23),PAINTED LADY
tensor(56),CLOUDED SULPHUR
tensor(47),PINE WHITE
tensor(61),ELBOWED PIERROT
tensor(31),ATALA
tensor(45),MOURNING CLOAK
tensor(40),MANGROVE SKIPPER
tensor(48),ORCHARD SWALLOW
tensor(33),ORCHARD SWALLOW
tensor(74),ZEBRA LONG WING
tensor(72),AN 88
tensor(74),MOURNING CLOAK
tensor(19),SLEEPY ORANGE
tensor(51),STRAITED QUEEN
tensor(29),ELBOWED PIERROT
tensor(21),PAINTED LADY
tensor(13),CABBAGE WHITE
tensor(56),SOUTHERN DOGFACE
tensor(51),PEACOCK
tensor(65),SOOTYWING
tensor(60),ATALA
tensor(41),MESTRA
tensor(23),CHECQUERED SKIPPER
tensor(28),EASTERN PINE ELFIN
tensor(46),PAINTED LADY
tensor(68),GREY HAIRSTREAK
tensor(61),PIPEVINE SWALLOW
tensor(57),EASTERN PINE ELFIN
tensor(41),MESTRA
tensor(43),MILBERTS TORTOISESHELL
tensor(41),MESTRA
tensor(61),RED SPOTTED PURPLE
tensor(49),PAINTED LADY
tensor(70),ULYSES
tensor(53),PIPEVINE SWALLOW
tensor(65),ATALA
tensor(27),SCARCE SWALLOW
tensor(58),CRECENT
tensor(67),STRAITED QUEEN
tensor(26),EASTERN COMA
tensor(29),ELBOWED PIERROT
tensor(7),BANDED PEACOCK
tensor(68),BANDED ORANGE HELICONIAN
tensor(12),EASTERN PINE ELFIN
tensor(27),EASTERN DAPPLE WHITE
tensor(41),BLACK HAIRSTREAK
tensor(63),CHECQUERED SKIPPER
tensor(28),EASTERN PINE ELFIN
tensor(25),EASTERN PINE ELFIN
tensor(11),CHECQUERED SKIPPER
tensor(62),APPOLLO
tensor(28),EASTERN PINE ELFIN
tensor(67),SOOTYWING
tensor(26),EASTERN COMA
tensor(41),ELBOWED PIERROT
tensor(40),GREY HAIRSTREAK
tensor(73),CRIMSON PATCH
tensor(56),EASTERN PINE ELFIN
tensor(36),IPHICLUS SISTER
tensor(10),RED CRACKER
tensor(42),INDRA SWALLOW
tensor(56),PURPLISH COPPER
tensor(48),ORCHARD SWALLOW
tensor(43),MILBERTS TORTOISESHELL
tensor(64),SLEEPY ORANGE
tensor(20),SCARCE SWALLOW
tensor(33),ATALA
tensor(8),JULIA
tensor(20),SCARCE SWALLOW
tensor(7),SOOTYWING
tensor(70),ADONIS
tensor(70),ULYSES
tensor(23),CRECENT
tensor(25),YELLOW SWALLOW TAIL
tensor(38),LARGE MARBLE
tensor(54),POPINJAY
tensor(56),EASTERN PINE ELFIN
tensor(45),MOURNING CLOAK
tensor(31),MANGROVE SKIPPER
tensor(22),AN 88
tensor(65),RED CRACKER
tensor(30),GOLD BANDED
tensor(11),BANDED ORANGE HELICONIAN
tensor(60),GREEN CELLED CATTLEHEART
tensor(24),SCARCE SWALLOW
tensor(17),CLEOPATRA
tensor(45),MOURNING CLOAK
tensor(38),CLEOPATRA
tensor(9),BLACK HAIRSTREAK
tensor(23),PAINTED LADY
tensor(29),ELBOWED PIERROT
tensor(2),AMERICAN SNOOT
tensor(22),PAPER KITE
tensor(68),SILVER SPOT SKIPPER
tensor(58),EASTERN PINE ELFIN
tensor(51),BANDED ORANGE HELICONIAN
tensor(67),STRAITED QUEEN
tensor(8),PAPER KITE
tensor(22),DANAID EGGFLY
tensor(73),IPHICLUS SISTER
tensor(33),GREEN CELLED CATTLEHEART
tensor(44),STRAITED QUEEN
tensor(67),STRAITED QUEEN
tensor(45),EASTERN COMA
tensor(63),IPHICLUS SISTER
tensor(5),BROWN SIPROETA
tensor(51),BANDED ORANGE HELICONIAN
tensor(55),PURPLE HAIRSTREAK
tensor(35),GREAT JAY
tensor(34),CABBAGE WHITE
tensor(15),CHECQUERED SKIPPER
tensor(5),ATALA
tensor(14),IPHICLUS SISTER
tensor(19),SLEEPY ORANGE
tensor(52),PINE WHITE
tensor(8),APPOLLO
tensor(22),GREY HAIRSTREAK
tensor(39),PAINTED LADY
tensor(12),BROWN SIPROETA
tensor(48),CHESTNUT
tensor(29),ELBOWED PIERROT
tensor(66),SOUTHERN DOGFACE
tensor(51),PEACOCK
tensor(50),PAPER KITE
tensor(64),SLEEPY ORANGE
tensor(8),BECKERS WHITE
tensor(30),GOLD BANDED
tensor(12),ATALA
tensor(62),LARGE MARBLE
tensor(28),EASTERN PINE ELFIN
tensor(45),MOURNING CLOAK
tensor(11),GREEN CELLED CATTLEHEART
tensor(0),ADONIS
tensor(67),PEACOCK
tensor(49),JULIA
tensor(45),MOURNING CLOAK
tensor(21),SOOTYWING
tensor(20),PIPEVINE SWALLOW
tensor(6),BANDED ORANGE HELICONIAN
tensor(74),MILBERTS TORTOISESHELL
tensor(72),AN 88
tensor(29),GREAT JAY
tensor(1),EASTERN PINE ELFIN
tensor(40),MALACHITE
tensor(64),SLEEPY ORANGE
tensor(31),AMERICAN SNOOT
tensor(67),STRAITED QUEEN
tensor(5),ATALA
tensor(52),PINE WHITE
tensor(12),ORANGE TIP
tensor(58),RED ADMIRAL
tensor(14),DANAID EGGFLY
tensor(42),METALMARK
tensor(16),PAINTED LADY
tensor(26),EASTERN COMA
tensor(32),ZEBRA LONG WING
tensor(4),CABBAGE WHITE
tensor(18),MESTRA
tensor(48),ORCHARD SWALLOW
tensor(32),ZEBRA LONG WING
tensor(2),EASTERN PINE ELFIN
tensor(64),SLEEPY ORANGE
tensor(29),ELBOWED PIERROT
tensor(27),EASTERN DAPPLE WHITE
tensor(25),INDRA SWALLOW
tensor(64),CLOUDED SULPHUR
tensor(25),CRECENT
tensor(34),GREY HAIRSTREAK
tensor(28),EASTERN PINE ELFIN
tensor(5),ATALA
tensor(44),RED CRACKER
tensor(46),ORANGE OAKLEAF
tensor(29),ELBOWED PIERROT
tensor(3),PINE WHITE
tensor(33),GREEN CELLED CATTLEHEART
tensor(45),ATALA
tensor(10),ULYSES
tensor(4),APPOLLO
tensor(13),CABBAGE WHITE
tensor(36),ZEBRA LONG WING
tensor(38),EASTERN DAPPLE WHITE
tensor(46),RED CRACKER
tensor(0),ADONIS
tensor(31),ZEBRA LONG WING
tensor(9),BLACK HAIRSTREAK
tensor(26),EASTERN COMA
tensor(59),EASTERN COMA
tensor(2),MONARCH
tensor(26),EASTERN COMA
tensor(9),PAINTED LADY
tensor(52),SCARCE SWALLOW
tensor(18),CLODIUS PARNASSIAN
tensor(66),SLEEPY ORANGE
tensor(12),BROWN SIPROETA
tensor(27),LARGE MARBLE
tensor(3),AN 88
tensor(66),BANDED ORANGE HELICONIAN
tensor(9),CRECENT
tensor(68),PAINTED LADY
tensor(7),ORANGE TIP
tensor(0),ADONIS
tensor(5),ATALA
tensor(60),RED POSTMAN
tensor(16),GREEN CELLED CATTLEHEART
tensor(32),MALACHITE
tensor(72),WOOD SATYR
tensor(13),EASTERN DAPPLE WHITE
tensor(52),GREY HAIRSTREAK
tensor(35),INDRA SWALLOW
tensor(29),ELBOWED PIERROT
tensor(28),MOURNING CLOAK
tensor(43),CHECQUERED SKIPPER
tensor(18),APPOLLO
tensor(51),PEACOCK
tensor(55),SLEEPY ORANGE
tensor(26),SOOTYWING
tensor(8),CABBAGE WHITE
tensor(57),EASTERN COMA
tensor(20),PAPER KITE
tensor(16),MESTRA
tensor(9),ATALA
tensor(60),RED POSTMAN
tensor(69),TWO BARRED FLASHER
tensor(37),JULIA
tensor(71),MONARCH
tensor(64),SLEEPY ORANGE
tensor(1),AFRICAN GIANT SWALLOWTAIL
tensor(6),BANDED ORANGE HELICONIAN
tensor(39),CAIRNS BIRDWING
tensor(19),CLEOPATRA
tensor(26),EASTERN COMA
tensor(9),AN 88
tensor(5),ATALA
tensor(5),ATALA
tensor(23),EASTERN COMA
tensor(36),IPHICLUS SISTER
tensor(74),ZEBRA LONG WING
tensor(44),VICEROY
tensor(46),PEACOCK
tensor(2),PAINTED LADY
tensor(66),SOUTHERN DOGFACE
tensor(39),COPPER TAIL
tensor(13),CABBAGE WHITE
tensor(23),CRECENT
tensor(15),CHECQUERED SKIPPER
tensor(18),CLODIUS PARNASSIAN
tensor(65),EASTERN PINE ELFIN
tensor(31),GREEN CELLED CATTLEHEART
tensor(13),CABBAGE WHITE
tensor(45),MOURNING CLOAK
tensor(64),CLEOPATRA
tensor(31),ORCHARD SWALLOW
tensor(11),MILBERTS TORTOISESHELL
tensor(36),IPHICLUS SISTER
tensor(60),GOLD BANDED
tensor(43),MILBERTS TORTOISESHELL
tensor(9),BLACK HAIRSTREAK
tensor(31),GREAT EGGFLY
tensor(12),ATALA
tensor(74),ZEBRA LONG WING
tensor(6),EASTERN COMA
tensor(44),MONARCH
tensor(7),BANDED PEACOCK
tensor(52),EASTERN DAPPLE WHITE
tensor(68),EASTERN PINE ELFIN
tensor(45),MOURNING CLOAK
tensor(10),ATALA
tensor(71),VICEROY
tensor(34),GREY HAIRSTREAK
tensor(4),APPOLLO
tensor(74),CAIRNS BIRDWING
tensor(55),POPINJAY
tensor(10),ADONIS
tensor(14),MOURNING CLOAK
tensor(13),APPOLLO
tensor(37),SLEEPY ORANGE
tensor(28),CHECQUERED SKIPPER
tensor(20),RED ADMIRAL
tensor(50),GREY HAIRSTREAK
tensor(42),METALMARK
tensor(1),CHECQUERED SKIPPER
tensor(60),RED POSTMAN
tensor(12),DANAID EGGFLY
tensor(34),GREY HAIRSTREAK
tensor(46),BLACK HAIRSTREAK
tensor(25),ORCHARD SWALLOW
tensor(27),EASTERN DAPPLE WHITE
tensor(73),YELLOW SWALLOW TAIL
tensor(48),ORCHARD SWALLOW
tensor(55),EASTERN PINE ELFIN
tensor(1),AFRICAN GIANT SWALLOWTAIL
tensor(58),RED CRACKER
tensor(28),STRAITED QUEEN
tensor(61),RED SPOTTED PURPLE
tensor(63),MOURNING CLOAK
tensor(6),JULIA
tensor(56),SLEEPY ORANGE
tensor(32),PAPER KITE
tensor(55),PAINTED LADY
tensor(65),POPINJAY
tensor(12),MILBERTS TORTOISESHELL
tensor(46),ORANGE OAKLEAF
tensor(71),AN 88
tensor(14),YELLOW SWALLOW TAIL
tensor(0),GREY HAIRSTREAK
tensor(63),DANAID EGGFLY
tensor(64),SOUTHERN DOGFACE
tensor(18),PAINTED LADY
tensor(54),MOURNING CLOAK
tensor(49),PAINTED LADY
tensor(6),BANDED ORANGE HELICONIAN
tensor(21),BLACK HAIRSTREAK
tensor(34),GREY HAIRSTREAK
tensor(0),ADONIS
tensor(60),GREEN CELLED CATTLEHEART
tensor(61),PURPLE HAIRSTREAK
tensor(34),AMERICAN SNOOT
tensor(3),VICEROY
tensor(1),AFRICAN GIANT SWALLOWTAIL
tensor(66),MESTRA
tensor(2),AMERICAN SNOOT
tensor(25),MANGROVE SKIPPER
tensor(39),CHESTNUT
tensor(12),RED ADMIRAL
tensor(5),ATALA
tensor(4),APPOLLO
tensor(41),CRECENT
tensor(53),ATALA
tensor(18),APPOLLO
tensor(70),ULYSES
tensor(23),CRECENT
tensor(32),SCARCE SWALLOW
tensor(37),JULIA
tensor(50),AN 88
tensor(27),EASTERN DAPPLE WHITE
tensor(74),ZEBRA LONG WING
tensor(10),MOURNING CLOAK
tensor(59),RED CRACKER
tensor(51),SLEEPY ORANGE
tensor(21),MESTRA
tensor(15),BLUE SPOTTED CROW
tensor(9),CRECENT
tensor(43),GOLD BANDED
tensor(69),TWO BARRED FLASHER
tensor(48),IPHICLUS SISTER
tensor(36),ORCHARD SWALLOW
tensor(45),EASTERN PINE ELFIN
tensor(28),SILVER SPOT SKIPPER
tensor(42),RED CRACKER
tensor(61),MANGROVE SKIPPER
tensor(44),AN 88
tensor(25),EASTERN PINE ELFIN
tensor(38),EASTERN PINE ELFIN
tensor(42),POPINJAY
tensor(70),ULYSES
tensor(21),MESTRA
tensor(1),AFRICAN GIANT SWALLOWTAIL
tensor(9),GOLD BANDED
tensor(57),QUESTION MARK
tensor(7),METALMARK
tensor(42),METALMARK
tensor(12),BROWN SIPROETA
tensor(47),ORANGE TIP
tensor(22),GREY HAIRSTREAK
tensor(54),POPINJAY
tensor(35),INDRA SWALLOW
tensor(48),SCARCE SWALLOW
tensor(73),YELLOW SWALLOW TAIL
tensor(14),CAIRNS BIRDWING
tensor(28),MANGROVE SKIPPER
tensor(37),JULIA
tensor(59),POPINJAY
tensor(27),LARGE MARBLE
tensor(12),CAIRNS BIRDWING
tensor(40),MANGROVE SKIPPER
tensor(59),RED CRACKER
tensor(34),AN 88
tensor(14),RED CRACKER
tensor(33),POPINJAY
tensor(47),ORANGE TIP
tensor(51),SLEEPY ORANGE
tensor(12),BROWN SIPROETA
tensor(74),ATALA
tensor(70),ULYSES
tensor(17),CLEOPATRA
tensor(15),CHECQUERED SKIPPER
tensor(2),ZEBRA LONG WING
tensor(3),AN 88
tensor(61),RED SPOTTED PURPLE
tensor(28),EASTERN PINE ELFIN
tensor(54),POPINJAY
tensor(42),METALMARK
tensor(4),APPOLLO
tensor(22),PAINTED LADY
tensor(32),GREAT JAY
tensor(59),RED SPOTTED PURPLE
tensor(45),MOURNING CLOAK
tensor(42),YELLOW SWALLOW TAIL
tensor(51),PEACOCK
tensor(5),BROWN SIPROETA
tensor(23),EASTERN COMA
tensor(33),IPHICLUS SISTER
tensor(35),ATALA
tensor(4),APPOLLO
tensor(28),BANDED ORANGE HELICONIAN
tensor(68),STRAITED QUEEN
tensor(28),SOOTYWING
tensor(0),GREY HAIRSTREAK
tensor(54),RED SPOTTED PURPLE
tensor(26),EASTERN COMA
tensor(48),CAIRNS BIRDWING
tensor(36),IPHICLUS SISTER
tensor(60),RED POSTMAN
tensor(27),EASTERN DAPPLE WHITE
tensor(33),GREEN CELLED CATTLEHEART
tensor(2),APPOLLO
tensor(8),CLODIUS PARNASSIAN
tensor(61),RED CRACKER
tensor(64),SLEEPY ORANGE
tensor(6),RED ADMIRAL
tensor(60),GREEN CELLED CATTLEHEART
tensor(25),DANAID EGGFLY
tensor(66),SLEEPY ORANGE
tensor(56),EASTERN PINE ELFIN
tensor(74),ZEBRA LONG WING
tensor(42),POPINJAY
tensor(16),CHESTNUT
tensor(21),BLUE SPOTTED CROW
tensor(61),POPINJAY
tensor(65),CAIRNS BIRDWING
tensor(23),JULIA
tensor(9),EASTERN COMA
tensor(8),LARGE MARBLE
tensor(48),MANGROVE SKIPPER
tensor(43),CRECENT
tensor(29),PAPER KITE
tensor(55),APPOLLO
tensor(52),PINE WHITE
tensor(68),PAPER KITE
tensor(18),CABBAGE WHITE
tensor(45),ATALA
tensor(74),PIPEVINE SWALLOW
tensor(43),MILBERTS TORTOISESHELL
tensor(59),GOLD BANDED
tensor(65),BLUE SPOTTED CROW
tensor(18),SOUTHERN DOGFACE
tensor(71),MONARCH
tensor(24),CRIMSON PATCH
tensor(33),GREEN CELLED CATTLEHEART
tensor(5),ATALA
tensor(16),AN 88
tensor(61),RED CRACKER
tensor(1),AFRICAN GIANT SWALLOWTAIL
tensor(68),TROPICAL LEAFWING
tensor(41),MESTRA
tensor(60),GREEN CELLED CATTLEHEART
tensor(40),TWO BARRED FLASHER
tensor(74),ZEBRA LONG WING
tensor(13),CLEOPATRA
tensor(35),PIPEVINE SWALLOW
tensor(35),IPHICLUS SISTER
tensor(23),CHECQUERED SKIPPER
tensor(64),SLEEPY ORANGE
tensor(14),CAIRNS BIRDWING
tensor(71),VICEROY
tensor(8),CABBAGE WHITE
tensor(26),EASTERN COMA
tensor(49),PAINTED LADY
tensor(63),MOURNING CLOAK
tensor(18),EASTERN DAPPLE WHITE
tensor(41),IPHICLUS SISTER
tensor(62),SCARCE SWALLOW
tensor(38),APPOLLO
tensor(1),AFRICAN GIANT SWALLOWTAIL
tensor(43),MALACHITE
tensor(32),MANGROVE SKIPPER
tensor(0),ADONIS
tensor(45),MOURNING CLOAK
tensor(21),MANGROVE SKIPPER
tensor(47),APPOLLO
tensor(46),AN 88
tensor(15),CRECENT
tensor(21),PURPLE HAIRSTREAK
tensor(47),ORANGE TIP
tensor(4),APPOLLO
tensor(6),CHECQUERED SKIPPER
tensor(25),CRIMSON PATCH
tensor(22),RED CRACKER
tensor(62),SCARCE SWALLOW
tensor(51),PEACOCK
tensor(51),PEACOCK
tensor(13),CABBAGE WHITE
tensor(29),ELBOWED PIERROT
tensor(66),SLEEPY ORANGE
tensor(61),ATALA
tensor(65),BLUE SPOTTED CROW
tensor(37),EASTERN COMA
tensor(60),RED POSTMAN
tensor(16),CHESTNUT
tensor(68),EASTERN PINE ELFIN
tensor(67),STRAITED QUEEN
tensor(44),STRAITED QUEEN
tensor(66),SLEEPY ORANGE
tensor(71),MALACHITE
tensor(55),ATALA
tensor(2),DANAID EGGFLY
tensor(54),POPINJAY
tensor(39),MALACHITE
tensor(2),MALACHITE
tensor(70),ULYSES
tensor(26),EASTERN COMA
tensor(6),JULIA
tensor(49),CHECQUERED SKIPPER
tensor(6),JULIA
tensor(59),ADONIS
tensor(10),METALMARK
tensor(8),BECKERS WHITE
tensor(26),EASTERN COMA
tensor(0),ADONIS
tensor(9),IPHICLUS SISTER
tensor(21),BANDED ORANGE HELICONIAN
tensor(52),PINE WHITE
tensor(1),AFRICAN GIANT SWALLOWTAIL
tensor(28),EASTERN PINE ELFIN
tensor(38),LARGE MARBLE
tensor(15),CHECQUERED SKIPPER
tensor(57),EASTERN COMA
tensor(16),CHESTNUT
tensor(37),JULIA
tensor(35),INDRA SWALLOW
tensor(49),ELBOWED PIERROT
tensor(29),SCARCE SWALLOW
tensor(69),ULYSES
tensor(67),STRAITED QUEEN
tensor(18),CLODIUS PARNASSIAN
tensor(20),CRIMSON PATCH
tensor(72),BLACK HAIRSTREAK
tensor(47),CRECENT
tensor(46),EASTERN PINE ELFIN
tensor(70),ULYSES
tensor(51),PEACOCK
tensor(56),RED ADMIRAL
tensor(30),CHECQUERED SKIPPER
tensor(68),COPPER TAIL
tensor(73),RED SPOTTED PURPLE
tensor(65),GREEN CELLED CATTLEHEART
tensor(43),MILBERTS TORTOISESHELL
tensor(68),TROPICAL LEAFWING
tensor(61),MANGROVE SKIPPER
tensor(31),IPHICLUS SISTER
tensor(45),MOURNING CLOAK
tensor(7),BANDED PEACOCK
tensor(68),SLEEPY ORANGE
tensor(7),VICEROY
tensor(42),GREEN CELLED CATTLEHEART
tensor(55),PURPLE HAIRSTREAK
tensor(30),GOLD BANDED
tensor(18),CLODIUS PARNASSIAN
tensor(48),ELBOWED PIERROT
tensor(19),SLEEPY ORANGE
tensor(4),PAPER KITE
tensor(71),MONARCH
tensor(38),PAINTED LADY
tensor(2),EASTERN PINE ELFIN
tensor(51),PEACOCK
tensor(71),SLEEPY ORANGE
tensor(69),ATALA
tensor(74),INDRA SWALLOW
tensor(63),RED CRACKER
tensor(41),MESTRA
tensor(23),EASTERN COMA
tensor(60),CRIMSON PATCH
tensor(63),EASTERN PINE ELFIN
tensor(18),EASTERN PINE ELFIN
tensor(54),POPINJAY
tensor(23),CRECENT
tensor(64),DANAID EGGFLY
tensor(11),GREEN CELLED CATTLEHEART
tensor(61),RED SPOTTED PURPLE
tensor(21),MOURNING CLOAK
tensor(67),STRAITED QUEEN
tensor(15),CHECQUERED SKIPPER
tensor(58),RED ADMIRAL
tensor(40),MANGROVE SKIPPER
tensor(22),SCARCE SWALLOW
tensor(46),PAINTED LADY
tensor(37),JULIA
tensor(74),ZEBRA LONG WING
tensor(39),RED ADMIRAL
tensor(35),GREEN CELLED CATTLEHEART
tensor(29),APPOLLO
tensor(41),GREY HAIRSTREAK
tensor(45),MOURNING CLOAK
tensor(63),MANGROVE SKIPPER
tensor(45),MOURNING CLOAK
tensor(42),BANDED PEACOCK
tensor(29),LARGE MARBLE
tensor(21),CHECQUERED SKIPPER
tensor(38),CABBAGE WHITE
tensor(8),LARGE MARBLE
tensor(43),MILBERTS TORTOISESHELL
tensor(17),CLEOPATRA
tensor(5),PIPEVINE SWALLOW
tensor(50),PAPER KITE
tensor(39),SCARCE SWALLOW
tensor(26),JULIA
tensor(17),CLEOPATRA
tensor(9),BLACK HAIRSTREAK
tensor(20),ZEBRA LONG WING
tensor(23),CRECENT
tensor(11),POPINJAY
tensor(4),APPOLLO
tensor(42),ZEBRA LONG WING
tensor(69),RED CRACKER
tensor(24),GOLD BANDED
tensor(66),SOUTHERN DOGFACE
tensor(45),MOURNING CLOAK
tensor(12),ATALA
tensor(5),GREEN CELLED CATTLEHEART
tensor(27),EASTERN DAPPLE WHITE
tensor(37),PAINTED LADY
tensor(43),EASTERN PINE ELFIN
tensor(2),STRAITED QUEEN
tensor(46),SOOTYWING
tensor(44),MONARCH
tensor(14),ORANGE TIP
tensor(0),ADONIS
tensor(11),SOOTYWING
tensor(19),SOUTHERN DOGFACE
tensor(60),RED POSTMAN
tensor(56),SLEEPY ORANGE
tensor(37),JULIA
tensor(35),SOOTYWING
tensor(25),IPHICLUS SISTER
tensor(47),ORANGE TIP
tensor(3),AN 88
tensor(58),RED ADMIRAL
tensor(22),MESTRA
tensor(27),LARGE MARBLE
tensor(68),EASTERN COMA
tensor(37),JULIA
tensor(47),ORANGE TIP
tensor(55),ZEBRA LONG WING
tensor(16),SCARCE SWALLOW
tensor(34),GREY HAIRSTREAK
tensor(6),BANDED ORANGE HELICONIAN
tensor(38),GOLD BANDED
tensor(26),CLOUDED SULPHUR
tensor(0),LARGE MARBLE
tensor(74),GREEN CELLED CATTLEHEART
tensor(31),MONARCH
tensor(13),CABBAGE WHITE
tensor(26),AFRICAN GIANT SWALLOWTAIL
tensor(41),MESTRA
tensor(62),IPHICLUS SISTER
tensor(48),ORCHARD SWALLOW
tensor(70),ULYSES
tensor(36),IPHICLUS SISTER
tensor(56),MILBERTS TORTOISESHELL
tensor(24),CRIMSON PATCH
tensor(45),ZEBRA LONG WING
tensor(45),MOURNING CLOAK
tensor(30),SOOTYWING
tensor(45),MOURNING CLOAK
tensor(13),CABBAGE WHITE
tensor(61),PIPEVINE SWALLOW
tensor(38),CABBAGE WHITE
tensor(32),ELBOWED PIERROT
tensor(21),EASTERN PINE ELFIN
tensor(38),EASTERN DAPPLE WHITE
tensor(3),AN 88
tensor(69),TWO BARRED FLASHER
tensor(33),CRIMSON PATCH
tensor(33),INDRA SWALLOW
tensor(36),RED POSTMAN
tensor(7),SCARCE SWALLOW
tensor(27),APPOLLO
tensor(16),BLUE SPOTTED CROW
tensor(43),MILBERTS TORTOISESHELL
tensor(70),ULYSES
tensor(6),BANDED ORANGE HELICONIAN
tensor(46),SLEEPY ORANGE
tensor(5),ATALA
tensor(44),MONARCH
tensor(67),RED POSTMAN
tensor(31),AN 88
tensor(67),SLEEPY ORANGE
tensor(17),SOUTHERN DOGFACE
tensor(48),ORCHARD SWALLOW
tensor(9),BLACK HAIRSTREAK
tensor(49),SLEEPY ORANGE
tensor(48),ORCHARD SWALLOW
tensor(36),IPHICLUS SISTER
tensor(23),CHECQUERED SKIPPER
tensor(29),ELBOWED PIERROT
tensor(52),CABBAGE WHITE
tensor(35),ATALA
tensor(20),CRIMSON PATCH
tensor(69),TWO BARRED FLASHER
tensor(58),RED ADMIRAL
tensor(0),ADONIS
tensor(68),CHECQUERED SKIPPER
tensor(52),APPOLLO
tensor(47),ORANGE TIP
tensor(1),AFRICAN GIANT SWALLOWTAIL
tensor(54),POPINJAY
tensor(26),BLACK HAIRSTREAK
tensor(71),VICEROY
tensor(32),INDRA SWALLOW
tensor(53),PIPEVINE SWALLOW
tensor(6),BANDED ORANGE HELICONIAN
tensor(48),ORCHARD SWALLOW
tensor(68),EASTERN PINE ELFIN
tensor(43),MILBERTS TORTOISESHELL
tensor(9),CLOUDED SULPHUR
tensor(39),SCARCE SWALLOW
tensor(11),STRAITED QUEEN
tensor(45),BROWN SIPROETA
tensor(59),QUESTION MARK
tensor(33),ATALA
tensor(18),GREY HAIRSTREAK
tensor(36),RED POSTMAN
tensor(66),SOUTHERN DOGFACE
tensor(12),EASTERN COMA
tensor(32),YELLOW SWALLOW TAIL
tensor(24),CRIMSON PATCH
tensor(27),BECKERS WHITE
tensor(62),SCARCE SWALLOW
tensor(13),CLEOPATRA
tensor(61),MANGROVE SKIPPER
tensor(62),ELBOWED PIERROT
tensor(44),AN 88
tensor(30),MOURNING CLOAK
tensor(55),GREY HAIRSTREAK
tensor(59),EASTERN PINE ELFIN
tensor(43),MILBERTS TORTOISESHELL
tensor(3),AN 88
tensor(50),PAPER KITE
tensor(37),PAINTED LADY
tensor(52),PINE WHITE
tensor(59),PIPEVINE SWALLOW
tensor(35),RED CRACKER
tensor(70),ULYSES
tensor(32),CAIRNS BIRDWING
tensor(23),CRECENT
tensor(31),CRIMSON PATCH
tensor(10),RED CRACKER
tensor(13),SCARCE SWALLOW
tensor(64),SLEEPY ORANGE
tensor(60),RED POSTMAN
tensor(41),APPOLLO
tensor(6),EASTERN COMA
tensor(72),PEACOCK
tensor(0),ADONIS
tensor(6),JULIA
tensor(11),STRAITED QUEEN
tensor(50),LARGE MARBLE
tensor(71),EASTERN COMA
tensor(13),CABBAGE WHITE
tensor(47),DANAID EGGFLY
tensor(57),JULIA
tensor(26),BANDED ORANGE HELICONIAN
tensor(30),RED ADMIRAL
tensor(27),CLOUDED SULPHUR
tensor(52),AN 88
tensor(38),LARGE MARBLE
tensor(7),VICEROY
tensor(17),CLEOPATRA
tensor(47),ORANGE TIP
tensor(0),ADONIS
tensor(62),PINE WHITE
tensor(63),SLEEPY ORANGE
tensor(73),YELLOW SWALLOW TAIL
tensor(12),JULIA
tensor(41),JULIA
tensor(10),MOURNING CLOAK
tensor(33),GREEN CELLED CATTLEHEART
tensor(71),PAINTED LADY
tensor(41),CAIRNS BIRDWING
tensor(29),MESTRA
tensor(67),ZEBRA LONG WING
tensor(66),CLOUDED SULPHUR
tensor(56),PAINTED LADY
tensor(54),POPINJAY
tensor(12),BROWN SIPROETA
tensor(73),PAINTED LADY
tensor(14),CAIRNS BIRDWING
tensor(34),GREY HAIRSTREAK
tensor(67),EASTERN PINE ELFIN
tensor(36),ZEBRA LONG WING
tensor(31),SILVER SPOT SKIPPER
tensor(41),MESTRA
tensor(16),CHESTNUT
tensor(54),POPINJAY
tensor(33),GREEN CELLED CATTLEHEART
tensor(15),CRECENT
tensor(18),PAPER KITE
tensor(34),GREY HAIRSTREAK
tensor(40),MANGROVE SKIPPER
tensor(15),EASTERN COMA
tensor(9),BLACK HAIRSTREAK
tensor(34),GREY HAIRSTREAK
tensor(1),AFRICAN GIANT SWALLOWTAIL
tensor(42),METALMARK
tensor(43),MILBERTS TORTOISESHELL
tensor(34),MALACHITE
tensor(47),ORANGE TIP
tensor(56),EASTERN PINE ELFIN
tensor(68),AN 88
tensor(7),IPHICLUS SISTER
tensor(14),BANDED PEACOCK
tensor(69),ZEBRA LONG WING
tensor(30),GOLD BANDED
tensor(47),BROWN SIPROETA
tensor(5),GREEN CELLED CATTLEHEART
tensor(6),BANDED ORANGE HELICONIAN
tensor(0),RED SPOTTED PURPLE
tensor(24),CRIMSON PATCH
tensor(5),ATALA
tensor(22),RED POSTMAN
tensor(56),SLEEPY ORANGE
tensor(12),MILBERTS TORTOISESHELL
tensor(16),TWO BARRED FLASHER
tensor(25),EASTERN COMA
tensor(16),STRAITED QUEEN
tensor(7),BANDED PEACOCK
tensor(49),SOUTHERN DOGFACE
tensor(52),PINE WHITE
tensor(68),CHECQUERED SKIPPER
tensor(31),BLACK HAIRSTREAK
tensor(57),QUESTION MARK
tensor(14),MILBERTS TORTOISESHELL
tensor(68),EASTERN COMA
tensor(63),WOOD SATYR
tensor(31),ATALA
tensor(16),CRIMSON PATCH
tensor(64),JULIA
tensor(15),CHECQUERED SKIPPER
tensor(39),MALACHITE
tensor(42),METALMARK
tensor(15),EASTERN COMA
tensor(55),PURPLE HAIRSTREAK
tensor(21),VICEROY
tensor(2),STRAITED QUEEN
tensor(15),CHECQUERED SKIPPER
tensor(68),COPPER TAIL
tensor(10),BLUE MORPHO
tensor(1),AFRICAN GIANT SWALLOWTAIL
tensor(22),EASTERN COMA
tensor(48),ORCHARD SWALLOW
tensor(64),SLEEPY ORANGE
tensor(57),AN 88
tensor(64),SLEEPY ORANGE
tensor(59),ATALA
tensor(23),BANDED ORANGE HELICONIAN
tensor(30),SOOTYWING
tensor(72),CHECQUERED SKIPPER
tensor(37),JULIA
tensor(53),POPINJAY
tensor(59),PURPLE HAIRSTREAK
tensor(32),MILBERTS TORTOISESHELL
tensor(16),CHESTNUT
tensor(15),SLEEPY ORANGE
tensor(69),PIPEVINE SWALLOW
tensor(33),CLODIUS PARNASSIAN
tensor(1),AFRICAN GIANT SWALLOWTAIL
tensor(22),MALACHITE
tensor(3),AN 88
tensor(59),RED CRACKER
tensor(5),ATALA
tensor(6),BANDED ORANGE HELICONIAN
tensor(38),LARGE MARBLE
tensor(40),MANGROVE SKIPPER
tensor(34),GREY HAIRSTREAK
tensor(3),STRAITED QUEEN
tensor(45),MOURNING CLOAK
tensor(46),BLACK HAIRSTREAK
tensor(63),SILVER SPOT SKIPPER
tensor(23),EASTERN COMA
tensor(65),SOOTYWING
tensor(33),GREEN CELLED CATTLEHEART
tensor(54),POPINJAY
tensor(18),MESTRA
tensor(8),SCARCE SWALLOW
tensor(8),APPOLLO
tensor(30),GOLD BANDED
tensor(25),CHESTNUT
tensor(14),GREEN CELLED CATTLEHEART
tensor(74),BANDED PEACOCK
tensor(25),ELBOWED PIERROT
tensor(18),MESTRA
tensor(4),SCARCE SWALLOW
tensor(73),YELLOW SWALLOW TAIL
tensor(70),ULYSES
tensor(62),SCARCE SWALLOW
tensor(9),JULIA
tensor(2),DANAID EGGFLY
tensor(70),ULYSES
tensor(21),MILBERTS TORTOISESHELL
tensor(20),SCARCE SWALLOW
tensor(55),ZEBRA LONG WING
tensor(33),GREEN CELLED CATTLEHEART
tensor(22),CHECQUERED SKIPPER
tensor(45),MOURNING CLOAK
tensor(27),EASTERN DAPPLE WHITE
tensor(9),JULIA
tensor(64),SLEEPY ORANGE
tensor(7),BANDED PEACOCK
tensor(37),JULIA
tensor(38),LARGE MARBLE
tensor(12),GREEN CELLED CATTLEHEART
tensor(16),CHESTNUT
tensor(22),JULIA
tensor(40),PURPLE HAIRSTREAK
tensor(62),SCARCE SWALLOW
tensor(12),INDRA SWALLOW
tensor(67),STRAITED QUEEN
tensor(63),AN 88
tensor(13),CABBAGE WHITE
tensor(45),MOURNING CLOAK
tensor(50),LARGE MARBLE
tensor(4),MESTRA
tensor(1),MOURNING CLOAK
tensor(72),PAINTED LADY
tensor(71),VICEROY
tensor(66),CLOUDED SULPHUR
tensor(50),ELBOWED PIERROT
tensor(36),IPHICLUS SISTER
tensor(39),MESTRA
tensor(31),PURPLE HAIRSTREAK
tensor(15),MANGROVE SKIPPER
tensor(53),PIPEVINE SWALLOW
tensor(32),EASTERN COMA
tensor(55),GREY HAIRSTREAK
tensor(71),VICEROY
tensor(61),RED SPOTTED PURPLE
tensor(72),AN 88
tensor(65),SOOTYWING
tensor(22),COPPER TAIL
tensor(0),ADONIS
tensor(59),ATALA
tensor(38),PINE WHITE
tensor(35),INDRA SWALLOW
tensor(36),IPHICLUS SISTER
tensor(41),MESTRA
tensor(52),CABBAGE WHITE
tensor(35),GREEN CELLED CATTLEHEART
tensor(9),WOOD SATYR
tensor(72),STRAITED QUEEN
tensor(33),ATALA
tensor(25),GREY HAIRSTREAK
tensor(72),WOOD SATYR
tensor(57),SLEEPY ORANGE
tensor(3),AN 88
tensor(50),CHECQUERED SKIPPER
tensor(6),BANDED ORANGE HELICONIAN
tensor(21),SOOTYWING
tensor(41),SCARCE SWALLOW
tensor(70),RED CRACKER
tensor(27),PINE WHITE
tensor(49),JULIA
tensor(12),BROWN SIPROETA
tensor(17),BANDED ORANGE HELICONIAN
tensor(30),VICEROY
tensor(20),PAPER KITE
tensor(52),GREY HAIRSTREAK
tensor(74),CHECQUERED SKIPPER
tensor(28),EASTERN PINE ELFIN
tensor(51),EASTERN COMA
tensor(36),GREAT JAY
tensor(12),BANDED ORANGE HELICONIAN
tensor(55),PURPLE HAIRSTREAK
tensor(3),AN 88
tensor(40),MANGROVE SKIPPER
tensor(38),PINE WHITE
tensor(49),PAINTED LADY
tensor(11),ATALA
tensor(53),RED SPOTTED PURPLE
tensor(64),SLEEPY ORANGE
tensor(66),SLEEPY ORANGE
tensor(63),SILVER SPOT SKIPPER
tensor(3),TROPICAL LEAFWING
tensor(24),BLUE SPOTTED CROW
tensor(0),ADONIS
tensor(39),MALACHITE
tensor(74),CHESTNUT
tensor(43),MILBERTS TORTOISESHELL
tensor(53),MANGROVE SKIPPER
tensor(22),GREY HAIRSTREAK
tensor(33),MILBERTS TORTOISESHELL
tensor(32),GREAT JAY
tensor(65),PURPLE HAIRSTREAK
tensor(3),AN 88
tensor(48),ORCHARD SWALLOW
tensor(21),CHECQUERED SKIPPER
tensor(26),EASTERN PINE ELFIN
tensor(50),CABBAGE WHITE
tensor(34),GREY HAIRSTREAK
tensor(3),AN 88
tensor(2),MALACHITE
tensor(66),CLOUDED SULPHUR
tensor(42),RED CRACKER
tensor(73),YELLOW SWALLOW TAIL
tensor(37),BANDED ORANGE HELICONIAN
tensor(35),INDRA SWALLOW
tensor(31),APPOLLO
tensor(32),MANGROVE SKIPPER
tensor(1),ORCHARD SWALLOW
tensor(5),ATALA
tensor(19),SLEEPY ORANGE
tensor(44),CRIMSON PATCH
tensor(1),APPOLLO
tensor(14),MALACHITE
tensor(48),ORCHARD SWALLOW
tensor(45),MOURNING CLOAK
tensor(9),CHECQUERED SKIPPER
tensor(32),IPHICLUS SISTER
tensor(27),ORANGE TIP
tensor(64),SLEEPY ORANGE
tensor(64),PAINTED LADY
tensor(67),VICEROY
tensor(73),YELLOW SWALLOW TAIL
tensor(70),ULYSES
tensor(64),SLEEPY ORANGE
tensor(46),EASTERN COMA
tensor(14),BANDED PEACOCK
tensor(64),SLEEPY ORANGE
tensor(59),RED CRACKER
tensor(2),PAPER KITE
tensor(7),BANDED PEACOCK
tensor(56),MOURNING CLOAK
tensor(8),LARGE MARBLE
tensor(5),BANDED PEACOCK
tensor(33),GREEN CELLED CATTLEHEART
tensor(36),DANAID EGGFLY
tensor(9),BLACK HAIRSTREAK
tensor(24),CRIMSON PATCH
tensor(52),APPOLLO
tensor(44),VICEROY
tensor(11),CHECQUERED SKIPPER
tensor(48),RED CRACKER
tensor(24),MALACHITE
tensor(19),SLEEPY ORANGE
tensor(43),MILBERTS TORTOISESHELL
tensor(47),ADONIS
tensor(61),POPINJAY
tensor(26),EASTERN COMA
tensor(20),CHESTNUT
tensor(43),CRECENT
tensor(26),MONARCH
tensor(5),ATALA
tensor(54),POPINJAY
tensor(43),MILBERTS TORTOISESHELL
tensor(3),AN 88
tensor(6),JULIA
tensor(67),STRAITED QUEEN
tensor(1),AFRICAN GIANT SWALLOWTAIL
tensor(52),CLEOPATRA
tensor(73),YELLOW SWALLOW TAIL
tensor(9),BLACK HAIRSTREAK
tensor(58),CRIMSON PATCH
tensor(74),RED CRACKER
tensor(69),CRECENT
tensor(0),ADONIS
tensor(3),PINE WHITE
tensor(43),MILBERTS TORTOISESHELL
tensor(6),BANDED ORANGE HELICONIAN
tensor(34),GREY HAIRSTREAK
tensor(70),ULYSES
tensor(18),APPOLLO
tensor(7),BANDED PEACOCK
tensor(47),VICEROY
tensor(45),SOOTYWING
tensor(55),MANGROVE SKIPPER
tensor(62),SCARCE SWALLOW
tensor(65),SILVER SPOT SKIPPER
tensor(33),SOOTYWING
tensor(41),YELLOW SWALLOW TAIL
tensor(48),ORCHARD SWALLOW
tensor(23),PAINTED LADY
tensor(38),LARGE MARBLE
tensor(19),CLOUDED SULPHUR
tensor(67),MONARCH
tensor(30),EASTERN PINE ELFIN
tensor(26),PAINTED LADY
tensor(53),PIPEVINE SWALLOW
tensor(50),BECKERS WHITE
tensor(58),CRIMSON PATCH
tensor(40),MANGROVE SKIPPER
tensor(4),APPOLLO
tensor(9),CHECQUERED SKIPPER
tensor(70),ULYSES
tensor(33),GREEN CELLED CATTLEHEART
tensor(38),APPOLLO
tensor(64),SLEEPY ORANGE
tensor(69),TWO BARRED FLASHER
tensor(51),PEACOCK
tensor(23),MONARCH
tensor(7),BANDED PEACOCK
tensor(16),CHESTNUT
tensor(11),CHECQUERED SKIPPER
tensor(15),CHECQUERED SKIPPER
tensor(39),SLEEPY ORANGE
tensor(36),IPHICLUS SISTER
tensor(65),SOOTYWING
tensor(9),EASTERN PINE ELFIN
tensor(64),CLEOPATRA
tensor(65),SOOTYWING
tensor(17),DANAID EGGFLY
tensor(55),GREY HAIRSTREAK
tensor(30),GOLD BANDED
tensor(27),EASTERN DAPPLE WHITE
tensor(34),ADONIS
tensor(14),CAIRNS BIRDWING
tensor(59),RED CRACKER
tensor(71),EASTERN COMA
tensor(32),PIPEVINE SWALLOW
tensor(71),VICEROY
tensor(72),CRECENT
tensor(29),ELBOWED PIERROT
tensor(65),EASTERN PINE ELFIN
tensor(67),JULIA
tensor(35),INDRA SWALLOW
tensor(20),ZEBRA LONG WING
tensor(44),VICEROY
tensor(20),MESTRA
tensor(16),IPHICLUS SISTER
tensor(5),ATALA
tensor(18),APPOLLO
tensor(21),AN 88
tensor(72),BLACK HAIRSTREAK
tensor(41),SCARCE SWALLOW
tensor(16),CHESTNUT
tensor(23),CRECENT
tensor(22),COPPER TAIL
tensor(20),COMMON BANDED AWL
tensor(67),DANAID EGGFLY
tensor(14),BLUE SPOTTED CROW
tensor(9),PAINTED LADY
tensor(61),PIPEVINE SWALLOW
tensor(35),INDRA SWALLOW
tensor(28),CHECQUERED SKIPPER
tensor(19),SLEEPY ORANGE
tensor(74),GREY HAIRSTREAK
tensor(60),BLUE SPOTTED CROW
tensor(45),SOOTYWING
tensor(12),BLUE SPOTTED CROW
tensor(37),JULIA
tensor(13),PINE WHITE
tensor(74),CAIRNS BIRDWING
tensor(35),ORCHARD SWALLOW
tensor(8),PINE WHITE
tensor(59),METALMARK
tensor(7),RED CRACKER
tensor(51),PEACOCK
tensor(35),ORCHARD SWALLOW
tensor(47),ORANGE TIP
tensor(55),COPPER TAIL
tensor(71),VICEROY
tensor(8),CLEOPATRA
tensor(5),RED CRACKER
tensor(21),EASTERN COMA
tensor(41),EASTERN DAPPLE WHITE
tensor(65),ATALA
tensor(29),SCARCE SWALLOW
tensor(65),POPINJAY
tensor(40),POPINJAY
tensor(44),STRAITED QUEEN
tensor(6),BANDED ORANGE HELICONIAN
tensor(58),MOURNING CLOAK
tensor(57),SLEEPY ORANGE
tensor(24),CRIMSON PATCH
tensor(45),MOURNING CLOAK
tensor(36),MALACHITE
tensor(62),SCARCE SWALLOW
tensor(46),EASTERN COMA
tensor(50),GREAT JAY
tensor(18),CLODIUS PARNASSIAN
tensor(66),SLEEPY ORANGE
tensor(60),BROWN SIPROETA
tensor(54),POPINJAY
tensor(5),ATALA
tensor(74),ZEBRA LONG WING
tensor(62),COPPER TAIL
tensor(5),ATALA
tensor(42),ULYSES
tensor(33),GREEN CELLED CATTLEHEART
tensor(5),ATALA
tensor(20),ORANGE TIP
tensor(60),ATALA
tensor(42),METALMARK
tensor(47),ORANGE TIP
tensor(15),CHECQUERED SKIPPER
tensor(58),ATALA
tensor(7),SCARCE SWALLOW
tensor(50),GREAT JAY
tensor(52),MESTRA
tensor(59),INDRA SWALLOW
tensor(21),EASTERN PINE ELFIN
tensor(18),CABBAGE WHITE
tensor(23),CRECENT
tensor(25),ELBOWED PIERROT
tensor(22),AN 88
tensor(16),MANGROVE SKIPPER
tensor(39),CRECENT
tensor(46),ORANGE OAKLEAF
tensor(62),SCARCE SWALLOW
tensor(34),MESTRA
tensor(67),BANDED ORANGE HELICONIAN
tensor(56),MILBERTS TORTOISESHELL
tensor(21),VICEROY
tensor(2),CLOUDED SULPHUR
tensor(56),MESTRA
tensor(54),POPINJAY
tensor(70),ULYSES
tensor(21),MESTRA
tensor(22),GREY HAIRSTREAK
tensor(23),CRECENT
tensor(3),EASTERN PINE ELFIN
tensor(32),CRIMSON PATCH
tensor(57),QUESTION MARK
tensor(16),GREAT JAY
tensor(16),CHESTNUT
tensor(67),BANDED ORANGE HELICONIAN
tensor(59),GREY HAIRSTREAK
tensor(3),AN 88
tensor(74),INDRA SWALLOW
tensor(19),CLEOPATRA
tensor(38),LARGE MARBLE
tensor(3),AN 88
tensor(45),MOURNING CLOAK
tensor(44),AMERICAN SNOOT
tensor(50),GREY HAIRSTREAK
tensor(50),GREY HAIRSTREAK
tensor(13),CABBAGE WHITE
tensor(13),LARGE MARBLE
tensor(47),EASTERN DAPPLE WHITE
tensor(3),AN 88
tensor(56),MILBERTS TORTOISESHELL
tensor(63),EASTERN PINE ELFIN
tensor(54),POPINJAY
tensor(58),MILBERTS TORTOISESHELL
tensor(45),MOURNING CLOAK
tensor(51),PEACOCK
tensor(56),EASTERN PINE ELFIN
tensor(54),POPINJAY
tensor(64),SLEEPY ORANGE
tensor(73),YELLOW SWALLOW TAIL
tensor(45),MOURNING CLOAK
tensor(23),VICEROY
tensor(56),EASTERN PINE ELFIN
tensor(53),PIPEVINE SWALLOW
tensor(7),GREEN CELLED CATTLEHEART
tensor(73),YELLOW SWALLOW TAIL
tensor(31),CRIMSON PATCH
tensor(49),PAINTED LADY
tensor(3),AN 88
tensor(14),CAIRNS BIRDWING
tensor(47),ORANGE TIP
tensor(26),EASTERN COMA
tensor(19),SLEEPY ORANGE
tensor(69),TWO BARRED FLASHER
tensor(10),PAINTED LADY
tensor(65),AFRICAN GIANT SWALLOWTAIL
tensor(46),CHECQUERED SKIPPER
tensor(18),CLODIUS PARNASSIAN
tensor(27),EASTERN DAPPLE WHITE
tensor(45),MOURNING CLOAK
tensor(21),RED SPOTTED PURPLE
tensor(70),BANDED PEACOCK
tensor(64),SLEEPY ORANGE
tensor(53),ATALA
tensor(44),SOUTHERN DOGFACE
tensor(62),SCARCE SWALLOW
tensor(32),GREAT JAY
tensor(22),AMERICAN SNOOT
tensor(16),SILVER SPOT SKIPPER
tensor(55),WOOD SATYR
tensor(44),MONARCH
tensor(21),EASTERN PINE ELFIN
tensor(25),DANAID EGGFLY
tensor(25),SLEEPY ORANGE
tensor(64),SLEEPY ORANGE
tensor(45),MOURNING CLOAK
tensor(42),METALMARK
tensor(10),ATALA
tensor(72),WOOD SATYR
tensor(27),SILVER SPOT SKIPPER
tensor(10),MOURNING CLOAK
tensor(7),GREAT EGGFLY
tensor(47),APPOLLO
tensor(68),PAINTED LADY
tensor(51),EASTERN COMA
tensor(59),GREY HAIRSTREAK
tensor(66),SOUTHERN DOGFACE
tensor(55),PURPLE HAIRSTREAK
tensor(67),STRAITED QUEEN
tensor(52),PINE WHITE
tensor(37),JULIA
tensor(16),SCARCE SWALLOW
tensor(62),ELBOWED PIERROT
tensor(23),CRECENT
tensor(44),VICEROY
tensor(60),EASTERN PINE ELFIN
tensor(16),CHESTNUT
tensor(7),BANDED PEACOCK
tensor(11),GREEN CELLED CATTLEHEART
tensor(41),MESTRA
tensor(28),AMERICAN SNOOT
tensor(37),JULIA
tensor(41),LARGE MARBLE
tensor(56),CHECQUERED SKIPPER
tensor(3),AN 88
tensor(16),CHESTNUT
tensor(20),ATALA
tensor(6),JULIA
tensor(63),MALACHITE
tensor(4),APPOLLO
tensor(52),PINE WHITE
tensor(47),ORANGE TIP
tensor(11),ATALA
tensor(59),POPINJAY
tensor(67),MONARCH
tensor(64),EASTERN COMA
tensor(52),CABBAGE WHITE
tensor(12),GREEN CELLED CATTLEHEART
tensor(20),IPHICLUS SISTER
tensor(43),YELLOW SWALLOW TAIL
tensor(3),AN 88
tensor(30),EASTERN COMA
tensor(64),SLEEPY ORANGE
tensor(42),TWO BARRED FLASHER
tensor(28),EASTERN PINE ELFIN
tensor(31),PURPLE HAIRSTREAK
tensor(19),CLOUDED SULPHUR
tensor(30),RED CRACKER
tensor(67),STRAITED QUEEN
tensor(52),BECKERS WHITE
tensor(29),ELBOWED PIERROT
tensor(25),SLEEPY ORANGE
tensor(49),VICEROY
tensor(45),MOURNING CLOAK
tensor(33),BROWN SIPROETA
tensor(54),POPINJAY
tensor(58),VICEROY
tensor(13),CABBAGE WHITE
tensor(26),EASTERN COMA
tensor(34),SOUTHERN DOGFACE
tensor(74),BANDED PEACOCK
tensor(69),EASTERN PINE ELFIN
tensor(25),GREAT JAY
tensor(57),QUESTION MARK
tensor(9),GOLD BANDED
tensor(22),AN 88
tensor(25),DANAID EGGFLY
tensor(50),CAIRNS BIRDWING
tensor(27),CLOUDED SULPHUR
tensor(53),PIPEVINE SWALLOW
tensor(55),BECKERS WHITE
tensor(53),PIPEVINE SWALLOW
tensor(62),APPOLLO
tensor(25),CRIMSON PATCH
tensor(34),GREY HAIRSTREAK
tensor(2),BANDED ORANGE HELICONIAN
tensor(53),POPINJAY
tensor(57),JULIA
tensor(2),SLEEPY ORANGE
tensor(7),ZEBRA LONG WING
tensor(29),ELBOWED PIERROT
tensor(35),INDRA SWALLOW
tensor(6),BANDED ORANGE HELICONIAN
tensor(48),MOURNING CLOAK
tensor(8),SCARCE SWALLOW
tensor(8),CABBAGE WHITE
tensor(7),POPINJAY
tensor(2),CHECQUERED SKIPPER
tensor(66),CRECENT
tensor(67),STRAITED QUEEN
tensor(64),SLEEPY ORANGE
tensor(3),MALACHITE
tensor(13),CLEOPATRA
tensor(7),PURPLE HAIRSTREAK
tensor(74),CHECQUERED SKIPPER
tensor(2),JULIA
tensor(38),CAIRNS BIRDWING
tensor(66),SLEEPY ORANGE
tensor(60),GREEN CELLED CATTLEHEART
tensor(7),BANDED PEACOCK
tensor(38),EASTERN DAPPLE WHITE
tensor(56),CRECENT
tensor(24),CRIMSON PATCH
tensor(26),EASTERN COMA
tensor(42),ULYSES
tensor(65),POPINJAY
tensor(25),DANAID EGGFLY
tensor(69),BANDED PEACOCK
tensor(66),SOUTHERN DOGFACE
tensor(69),TWO BARRED FLASHER
tensor(48),RED CRACKER
tensor(21),CHECQUERED SKIPPER
tensor(65),SOOTYWING
tensor(42),RED CRACKER
tensor(23),JULIA
tensor(5),ATALA
tensor(6),QUESTION MARK
tensor(23),SLEEPY ORANGE
tensor(45),MOURNING CLOAK
tensor(54),GREEN CELLED CATTLEHEART
tensor(7),BANDED PEACOCK
tensor(65),CHECQUERED SKIPPER
tensor(5),ATALA
tensor(41),ORANGE TIP
tensor(25),DANAID EGGFLY
tensor(47),ORANGE TIP
tensor(17),CLEOPATRA
tensor(4),EASTERN DAPPLE WHITE
tensor(27),PINE WHITE
tensor(0),ADONIS
tensor(54),POPINJAY
tensor(62),ELBOWED PIERROT
tensor(55),GREY HAIRSTREAK
tensor(37),JULIA
tensor(64),SLEEPY ORANGE
tensor(4),SCARCE SWALLOW
tensor(2),SLEEPY ORANGE
tensor(62),ELBOWED PIERROT
tensor(19),CLOUDED SULPHUR
tensor(19),CLOUDED SULPHUR
tensor(30),RED ADMIRAL
tensor(28),EASTERN PINE ELFIN
tensor(4),PAPER KITE
tensor(39),SILVER SPOT SKIPPER
tensor(28),BLACK HAIRSTREAK
tensor(13),CABBAGE WHITE
tensor(45),MOURNING CLOAK
tensor(53),PIPEVINE SWALLOW
tensor(7),BANDED PEACOCK
tensor(5),GREY HAIRSTREAK
tensor(17),CLOUDED SULPHUR
tensor(47),ORANGE TIP
tensor(60),RED POSTMAN
tensor(39),MALACHITE
tensor(52),GREY HAIRSTREAK
tensor(19),SLEEPY ORANGE
tensor(18),ELBOWED PIERROT
tensor(12),MILBERTS TORTOISESHELL
tensor(67),SOOTYWING
tensor(7),BANDED PEACOCK
tensor(37),JULIA
tensor(3),GREY HAIRSTREAK
tensor(55),PURPLE HAIRSTREAK
tensor(68),JULIA
tensor(59),RED CRACKER
tensor(15),MILBERTS TORTOISESHELL
tensor(16),CHESTNUT
tensor(58),RED ADMIRAL
tensor(41),EASTERN DAPPLE WHITE
tensor(71),VICEROY
tensor(7),BANDED PEACOCK
tensor(37),JULIA
tensor(12),SOOTYWING
tensor(71),SOOTYWING
tensor(74),ZEBRA LONG WING
tensor(45),MILBERTS TORTOISESHELL
tensor(8),SLEEPY ORANGE
tensor(20),DANAID EGGFLY
tensor(29),ELBOWED PIERROT
tensor(46),BLACK HAIRSTREAK
tensor(33),GREEN CELLED CATTLEHEART
tensor(67),EASTERN COMA
tensor(23),PAINTED LADY
tensor(56),AN 88
tensor(29),ELBOWED PIERROT
tensor(43),MILBERTS TORTOISESHELL
tensor(60),RED POSTMAN
tensor(41),JULIA
tensor(68),EASTERN PINE ELFIN
tensor(55),GREY HAIRSTREAK
tensor(61),RED CRACKER
tensor(38),LARGE MARBLE
tensor(67),MONARCH
tensor(22),CHECQUERED SKIPPER
tensor(26),EASTERN COMA
tensor(37),SLEEPY ORANGE
tensor(5),ATALA
tensor(36),ORANGE TIP
tensor(5),ATALA
tensor(21),EASTERN PINE ELFIN
tensor(9),JULIA
tensor(21),CHECQUERED SKIPPER
tensor(17),CLEOPATRA
tensor(40),MANGROVE SKIPPER
tensor(37),VICEROY
tensor(20),ZEBRA LONG WING
tensor(39),MALACHITE
tensor(1),AFRICAN GIANT SWALLOWTAIL
tensor(29),ELBOWED PIERROT
tensor(43),RED POSTMAN
tensor(1),INDRA SWALLOW
tensor(69),SOOTYWING
tensor(55),SCARCE SWALLOW
tensor(33),ATALA
tensor(22),CLEOPATRA
tensor(38),PINE WHITE
tensor(23),JULIA
tensor(10),TWO BARRED FLASHER
tensor(42),GREEN CELLED CATTLEHEART
tensor(24),CRIMSON PATCH
tensor(20),CHECQUERED SKIPPER
tensor(68),AN 88
tensor(53),PIPEVINE SWALLOW
tensor(66),SLEEPY ORANGE
tensor(4),APPOLLO
tensor(7),CHESTNUT
tensor(48),DANAID EGGFLY
tensor(26),EASTERN COMA
tensor(42),RED CRACKER
tensor(23),JULIA
tensor(49),EASTERN PINE ELFIN
tensor(18),CLODIUS PARNASSIAN
tensor(28),EASTERN PINE ELFIN
tensor(48),ORCHARD SWALLOW
tensor(23),CRECENT
tensor(20),CLODIUS PARNASSIAN
tensor(44),STRAITED QUEEN
tensor(45),INDRA SWALLOW
tensor(21),EASTERN PINE ELFIN
tensor(47),APPOLLO
tensor(9),AN 88
tensor(42),RED CRACKER
tensor(31),ZEBRA LONG WING
tensor(48),ORCHARD SWALLOW
tensor(30),CHECQUERED SKIPPER
tensor(47),CABBAGE WHITE
tensor(63),BROWN SIPROETA
tensor(14),BANDED PEACOCK
tensor(36),IPHICLUS SISTER
tensor(17),CLEOPATRA
tensor(25),CRECENT
tensor(39),CHECQUERED SKIPPER
tensor(27),BANDED PEACOCK
tensor(32),GREAT JAY
tensor(36),IPHICLUS SISTER
tensor(36),SCARCE SWALLOW
tensor(7),BANDED PEACOCK
tensor(59),INDRA SWALLOW
tensor(44),VICEROY
tensor(36),IPHICLUS SISTER
tensor(27),EASTERN DAPPLE WHITE
tensor(32),GREEN CELLED CATTLEHEART
tensor(45),GREY HAIRSTREAK
tensor(3),AN 88
tensor(35),BROWN SIPROETA
tensor(68),EASTERN PINE ELFIN
tensor(8),CABBAGE WHITE
tensor(6),VICEROY
tensor(44),PAINTED LADY
tensor(11),CHECQUERED SKIPPER
tensor(64),CLOUDED SULPHUR
tensor(15),CHECQUERED SKIPPER
tensor(44),DANAID EGGFLY
tensor(40),MANGROVE SKIPPER
tensor(31),BANDED PEACOCK
tensor(26),EASTERN COMA
tensor(0),ADONIS
tensor(62),LARGE MARBLE
tensor(73),YELLOW SWALLOW TAIL
tensor(63),AMERICAN SNOOT
tensor(14),CAIRNS BIRDWING
tensor(61),METALMARK
tensor(26),EASTERN COMA
tensor(18),APPOLLO
tensor(9),BLACK HAIRSTREAK
tensor(31),MALACHITE
tensor(35),RED POSTMAN
tensor(50),PAPER KITE
tensor(30),MESTRA
tensor(35),ATALA
tensor(5),ATALA
tensor(61),ATALA
tensor(18),LARGE MARBLE
tensor(54),POPINJAY
tensor(45),MOURNING CLOAK
tensor(55),GREY HAIRSTREAK
tensor(18),CABBAGE WHITE
tensor(42),METALMARK
tensor(58),MESTRA
tensor(52),CABBAGE WHITE
tensor(56),EASTERN PINE ELFIN
tensor(28),EASTERN PINE ELFIN
tensor(32),ORCHARD SWALLOW
tensor(24),CRIMSON PATCH
tensor(39),MALACHITE
tensor(6),BANDED ORANGE HELICONIAN
tensor(7),BANDED PEACOCK
tensor(20),CHECQUERED SKIPPER
tensor(53),PIPEVINE SWALLOW
tensor(3),AN 88
tensor(58),RED ADMIRAL
tensor(51),PEACOCK
tensor(18),APPOLLO
tensor(69),ORCHARD SWALLOW
tensor(12),BROWN SIPROETA
tensor(62),SCARCE SWALLOW
tensor(53),PIPEVINE SWALLOW
tensor(63),PURPLE HAIRSTREAK
tensor(38),MANGROVE SKIPPER
tensor(24),MALACHITE
tensor(38),LARGE MARBLE
tensor(64),SLEEPY ORANGE
tensor(61),RED SPOTTED PURPLE
tensor(38),EASTERN DAPPLE WHITE
tensor(61),POPINJAY
tensor(13),CABBAGE WHITE
tensor(23),PAINTED LADY
tensor(2),DANAID EGGFLY
tensor(62),SCARCE SWALLOW
tensor(74),RED CRACKER
tensor(29),ELBOWED PIERROT
tensor(43),MILBERTS TORTOISESHELL
tensor(23),CRECENT
tensor(57),AMERICAN SNOOT
tensor(60),RED POSTMAN
tensor(62),GREAT JAY
tensor(0),ADONIS
tensor(49),PAINTED LADY
tensor(4),CABBAGE WHITE
tensor(37),JULIA
tensor(63),ZEBRA LONG WING
tensor(2),SCARCE SWALLOW
tensor(37),JULIA
tensor(10),ULYSES
tensor(66),SLEEPY ORANGE
tensor(40),RED CRACKER
tensor(21),LARGE MARBLE
tensor(45),MOURNING CLOAK
tensor(21),COMMON WOOD-NYMPH
tensor(3),AN 88
tensor(41),CLOUDED SULPHUR
tensor(27),EASTERN DAPPLE WHITE
tensor(59),RED CRACKER
tensor(32),PIPEVINE SWALLOW
tensor(12),BROWN SIPROETA
tensor(39),GREY HAIRSTREAK
tensor(43),MILBERTS TORTOISESHELL
tensor(20),MESTRA
tensor(66),LARGE MARBLE
tensor(64),SLEEPY ORANGE
tensor(26),EASTERN COMA
tensor(23),MONARCH
tensor(61),RED SPOTTED PURPLE
tensor(43),MILBERTS TORTOISESHELL
tensor(18),APPOLLO
tensor(21),AMERICAN SNOOT
tensor(40),PIPEVINE SWALLOW
tensor(54),POPINJAY
tensor(10),BLUE MORPHO
tensor(37),JULIA
tensor(27),LARGE MARBLE
tensor(47),PURPLISH COPPER
tensor(35),INDRA SWALLOW
tensor(42),GREY HAIRSTREAK
tensor(30),CHECQUERED SKIPPER
tensor(31),ORCHARD SWALLOW
tensor(29),ELBOWED PIERROT
tensor(34),COMMON WOOD-NYMPH
tensor(26),BANDED ORANGE HELICONIAN
tensor(62),SCARCE SWALLOW
tensor(12),MILBERTS TORTOISESHELL
tensor(74),LARGE MARBLE
tensor(64),SLEEPY ORANGE
tensor(51),PEACOCK
tensor(44),MONARCH
tensor(59),RED CRACKER
tensor(10),ULYSES
tensor(46),ORANGE TIP
tensor(14),CAIRNS BIRDWING
tensor(41),CLEOPATRA
tensor(53),RED CRACKER
tensor(71),CHECQUERED SKIPPER
tensor(39),SCARCE SWALLOW
tensor(43),MILBERTS TORTOISESHELL
tensor(73),YELLOW SWALLOW TAIL
tensor(37),BANDED ORANGE HELICONIAN
tensor(22),LARGE MARBLE
tensor(51),PEACOCK
tensor(20),MANGROVE SKIPPER
tensor(63),QUESTION MARK
tensor(43),ZEBRA LONG WING
tensor(3),MALACHITE
tensor(64),SLEEPY ORANGE
tensor(27),EASTERN DAPPLE WHITE
tensor(5),ATALA
tensor(53),INDRA SWALLOW
tensor(55),ADONIS
tensor(8),LARGE MARBLE
tensor(47),ORANGE TIP
tensor(39),BLACK HAIRSTREAK
tensor(38),LARGE MARBLE
tensor(10),CHECQUERED SKIPPER
tensor(20),SLEEPY ORANGE
tensor(0),ADONIS
tensor(52),SCARCE SWALLOW
tensor(15),EASTERN COMA
tensor(26),EASTERN COMA
tensor(45),MOURNING CLOAK
tensor(74),ZEBRA LONG WING
tensor(30),MANGROVE SKIPPER
tensor(69),MESTRA
tensor(57),JULIA
tensor(0),ADONIS
tensor(20),SCARCE SWALLOW
tensor(17),CHECQUERED SKIPPER
tensor(65),ATALA
tensor(48),ORCHARD SWALLOW
tensor(13),CABBAGE WHITE
tensor(18),DANAID EGGFLY
tensor(60),RED POSTMAN
tensor(28),EASTERN PINE ELFIN
tensor(19),CLOUDED SULPHUR
tensor(56),GREY HAIRSTREAK
tensor(3),AN 88
tensor(8),LARGE MARBLE
tensor(61),RED SPOTTED PURPLE
tensor(32),ELBOWED PIERROT
tensor(11),BLUE SPOTTED CROW
tensor(73),YELLOW SWALLOW TAIL
tensor(52),GREY HAIRSTREAK
tensor(37),JULIA
tensor(25),PAINTED LADY
tensor(4),CABBAGE WHITE
tensor(63),AN 88
tensor(61),POPINJAY
tensor(74),ZEBRA LONG WING
tensor(2),AMERICAN SNOOT
tensor(3),BANDED ORANGE HELICONIAN
tensor(36),GREEN CELLED CATTLEHEART
tensor(42),PURPLE HAIRSTREAK
tensor(46),GREY HAIRSTREAK
tensor(39),PAINTED LADY
tensor(48),ORCHARD SWALLOW
tensor(52),PINE WHITE
tensor(26),EASTERN COMA
tensor(53),ELBOWED PIERROT
tensor(70),ULYSES
tensor(68),EASTERN PINE ELFIN
tensor(4),APPOLLO
tensor(16),CRIMSON PATCH
tensor(39),MALACHITE
tensor(53),PIPEVINE SWALLOW
tensor(15),CHECQUERED SKIPPER
tensor(51),JULIA
tensor(17),CLEOPATRA
tensor(50),CHECQUERED SKIPPER
tensor(38),LARGE MARBLE
tensor(1),AFRICAN GIANT SWALLOWTAIL
tensor(45),POPINJAY
tensor(50),SCARCE SWALLOW
tensor(58),RED ADMIRAL
tensor(0),LARGE MARBLE
tensor(18),APPOLLO
tensor(2),DANAID EGGFLY
tensor(35),CAIRNS BIRDWING
tensor(28),IPHICLUS SISTER
tensor(60),RED POSTMAN
tensor(10),BLUE MORPHO
tensor(62),SCARCE SWALLOW
tensor(60),ZEBRA LONG WING
tensor(18),LARGE MARBLE
tensor(40),GREY HAIRSTREAK
tensor(41),MESTRA
tensor(66),SOUTHERN DOGFACE
tensor(10),MOURNING CLOAK
tensor(36),IPHICLUS SISTER
tensor(1),AFRICAN GIANT SWALLOWTAIL
tensor(27),MALACHITE
tensor(31),CRIMSON PATCH
tensor(66),SLEEPY ORANGE
tensor(30),BLACK HAIRSTREAK
tensor(0),ADONIS
tensor(60),RED POSTMAN
tensor(20),METALMARK
tensor(37),CRECENT
tensor(55),PURPLE HAIRSTREAK
tensor(21),COMMON WOOD-NYMPH
tensor(38),SCARCE SWALLOW
tensor(65),BANDED PEACOCK
tensor(59),RED CRACKER
tensor(48),ATALA
tensor(0),APPOLLO
tensor(63),SILVER SPOT SKIPPER
tensor(54),POPINJAY
tensor(51),EASTERN COMA
tensor(2),BLACK HAIRSTREAK
tensor(30),CHECQUERED SKIPPER
tensor(43),MILBERTS TORTOISESHELL
tensor(43),GREEN CELLED CATTLEHEART
tensor(27),SCARCE SWALLOW
tensor(72),AN 88
tensor(60),INDRA SWALLOW
tensor(17),SLEEPY ORANGE
tensor(38),PINE WHITE
tensor(16),GREAT JAY
tensor(34),GREY HAIRSTREAK
tensor(45),MOURNING CLOAK
tensor(3),AN 88
tensor(44),STRAITED QUEEN
tensor(12),CAIRNS BIRDWING
tensor(61),PIPEVINE SWALLOW
tensor(3),AN 88
tensor(20),AN 88
tensor(43),PEACOCK
tensor(46),MESTRA
tensor(52),PINE WHITE
tensor(65),SOOTYWING
tensor(22),EASTERN COMA
tensor(13),CABBAGE WHITE
tensor(16),CHESTNUT
tensor(20),YELLOW SWALLOW TAIL
tensor(38),EASTERN PINE ELFIN
tensor(37),JULIA
tensor(62),ZEBRA LONG WING
tensor(19),CABBAGE WHITE
tensor(25),IPHICLUS SISTER
tensor(5),POPINJAY
tensor(30),GOLD BANDED
tensor(35),INDRA SWALLOW
tensor(3),AN 88
tensor(33),GREEN CELLED CATTLEHEART
tensor(69),MANGROVE SKIPPER
tensor(15),BANDED ORANGE HELICONIAN
tensor(6),BANDED ORANGE HELICONIAN
tensor(13),CLEOPATRA
tensor(10),ADONIS
tensor(10),BLUE MORPHO
tensor(45),POPINJAY
tensor(10),ZEBRA LONG WING
tensor(50),PAPER KITE
tensor(10),BLUE MORPHO
tensor(57),PEACOCK
tensor(69),TWO BARRED FLASHER
tensor(18),SCARCE SWALLOW
tensor(32),MONARCH
tensor(29),ELBOWED PIERROT
tensor(29),ELBOWED PIERROT
tensor(3),AN 88
tensor(42),ATALA
tensor(19),SLEEPY ORANGE
tensor(73),PIPEVINE SWALLOW
tensor(54),POPINJAY
tensor(62),MOURNING CLOAK
tensor(23),CRECENT
tensor(54),POPINJAY
tensor(41),MESTRA
tensor(35),MILBERTS TORTOISESHELL
tensor(12),RED ADMIRAL
tensor(50),AMERICAN SNOOT
tensor(54),POPINJAY
tensor(46),ORANGE OAKLEAF
tensor(32),GREAT JAY
tensor(9),MANGROVE SKIPPER
tensor(54),POPINJAY
tensor(67),BANDED ORANGE HELICONIAN
tensor(47),SCARCE SWALLOW
tensor(36),CHESTNUT
tensor(43),CHECQUERED SKIPPER
tensor(46),CRECENT
tensor(17),CLOUDED SULPHUR
tensor(40),APPOLLO
tensor(18),EASTERN DAPPLE WHITE
tensor(30),CHECQUERED SKIPPER
tensor(60),RED POSTMAN
tensor(25),YELLOW SWALLOW TAIL
tensor(55),ATALA
tensor(65),POPINJAY
tensor(39),ZEBRA LONG WING
tensor(37),JULIA
tensor(27),EASTERN DAPPLE WHITE
tensor(26),EASTERN COMA
tensor(52),PINE WHITE
tensor(52),PINE WHITE
tensor(47),ORANGE TIP
tensor(65),GREAT JAY
tensor(38),ELBOWED PIERROT
tensor(37),JULIA
tensor(57),JULIA
tensor(14),MOURNING CLOAK
tensor(32),GREAT JAY
tensor(12),BROWN SIPROETA
tensor(59),RED CRACKER
tensor(17),MOURNING CLOAK
tensor(66),SOUTHERN DOGFACE
tensor(6),JULIA
tensor(49),CHECQUERED SKIPPER
tensor(55),ULYSES
tensor(4),APPOLLO
tensor(28),BROWN SIPROETA
tensor(69),TWO BARRED FLASHER
tensor(33),GREEN CELLED CATTLEHEART
tensor(51),EASTERN COMA
tensor(74),ZEBRA LONG WING
tensor(40),MANGROVE SKIPPER
tensor(66),JULIA
tensor(38),PINE WHITE
tensor(36),SCARCE SWALLOW
tensor(9),BLACK HAIRSTREAK
tensor(38),EASTERN DAPPLE WHITE
tensor(15),CRECENT
tensor(73),YELLOW SWALLOW TAIL
tensor(48),ORCHARD SWALLOW
tensor(11),RED SPOTTED PURPLE
tensor(71),VICEROY
tensor(19),IPHICLUS SISTER
tensor(13),PINE WHITE
tensor(66),VICEROY
tensor(16),CHESTNUT
tensor(25),MONARCH
tensor(23),CRECENT
tensor(1),AFRICAN GIANT SWALLOWTAIL
tensor(18),CLODIUS PARNASSIAN
tensor(68),EASTERN COMA
tensor(1),EASTERN PINE ELFIN
tensor(26),EASTERN COMA
tensor(49),MALACHITE
tensor(44),STRAITED QUEEN
tensor(68),IPHICLUS SISTER
tensor(52),CRIMSON PATCH
tensor(24),CRIMSON PATCH
tensor(13),LARGE MARBLE
tensor(42),BANDED PEACOCK
tensor(58),RED ADMIRAL
tensor(34),GREY HAIRSTREAK
tensor(17),CLEOPATRA
tensor(1),AFRICAN GIANT SWALLOWTAIL
tensor(50),PAPER KITE
tensor(70),ULYSES
tensor(44),MONARCH
tensor(29),ELBOWED PIERROT
tensor(46),ORANGE OAKLEAF
tensor(50),COMMON WOOD-NYMPH
tensor(44),MONARCH
tensor(24),CRIMSON PATCH
tensor(22),MILBERTS TORTOISESHELL
tensor(14),AFRICAN GIANT SWALLOWTAIL
tensor(19),SLEEPY ORANGE
tensor(2),EASTERN PINE ELFIN
tensor(20),ZEBRA LONG WING
tensor(10),RED CRACKER
tensor(27),EASTERN DAPPLE WHITE
tensor(13),APPOLLO
tensor(23),CRECENT
tensor(19),CLOUDED SULPHUR
tensor(72),AN 88
tensor(0),ULYSES
tensor(3),AN 88
tensor(64),CLEOPATRA
tensor(1),AFRICAN GIANT SWALLOWTAIL
tensor(41),MILBERTS TORTOISESHELL
tensor(60),RED POSTMAN
tensor(70),ULYSES
tensor(66),CLOUDED SULPHUR
tensor(53),MOURNING CLOAK
tensor(6),BANDED ORANGE HELICONIAN
tensor(45),MOURNING CLOAK
tensor(45),MILBERTS TORTOISESHELL
tensor(47),MESTRA
tensor(28),EASTERN PINE ELFIN
tensor(9),EASTERN COMA
tensor(69),ZEBRA LONG WING
tensor(11),STRAITED QUEEN
tensor(71),VICEROY
tensor(69),TWO BARRED FLASHER
tensor(27),EASTERN DAPPLE WHITE
tensor(40),MANGROVE SKIPPER
tensor(35),SOOTYWING
tensor(6),RED POSTMAN
tensor(44),PEACOCK
tensor(45),MOURNING CLOAK
tensor(49),CRECENT
tensor(15),CHECQUERED SKIPPER
tensor(55),PAPER KITE
tensor(62),SCARCE SWALLOW
tensor(20),RED POSTMAN
tensor(69),PAINTED LADY
tensor(0),ADONIS
tensor(66),SOUTHERN DOGFACE
tensor(31),POPINJAY
tensor(69),ATALA
tensor(43),MILBERTS TORTOISESHELL
tensor(66),SOUTHERN DOGFACE
tensor(45),POPINJAY
tensor(25),RED POSTMAN
tensor(1),AFRICAN GIANT SWALLOWTAIL
tensor(55),SOOTYWING
tensor(11),ATALA
tensor(21),DANAID EGGFLY
tensor(43),MILBERTS TORTOISESHELL
tensor(15),CHECQUERED SKIPPER
tensor(57),EASTERN COMA
tensor(54),POPINJAY
tensor(28),EASTERN PINE ELFIN
tensor(58),RED ADMIRAL
tensor(32),SCARCE SWALLOW
tensor(46),ORANGE OAKLEAF
tensor(46),CHESTNUT
tensor(49),PAINTED LADY
tensor(56),STRAITED QUEEN
tensor(53),PIPEVINE SWALLOW
tensor(23),CRECENT
tensor(11),POPINJAY
tensor(40),MANGROVE SKIPPER
tensor(48),IPHICLUS SISTER
tensor(9),CHECQUERED SKIPPER
tensor(61),RED SPOTTED PURPLE
tensor(69),BANDED PEACOCK
tensor(71),BANDED ORANGE HELICONIAN
tensor(2),MALACHITE
tensor(53),RED SPOTTED PURPLE
tensor(38),CLEOPATRA
tensor(57),EASTERN PINE ELFIN
tensor(71),VICEROY
tensor(25),RED CRACKER
tensor(34),GREY HAIRSTREAK
tensor(73),SCARCE SWALLOW
tensor(2),COMMON WOOD-NYMPH
tensor(65),SOOTYWING
tensor(4),MESTRA
tensor(63),INDRA SWALLOW
tensor(49),CHECQUERED SKIPPER
tensor(74),POPINJAY
tensor(8),SCARCE SWALLOW
tensor(42),BROWN SIPROETA
tensor(15),CHECQUERED SKIPPER
tensor(24),CRIMSON PATCH
tensor(72),EASTERN PINE ELFIN
tensor(54),GREEN CELLED CATTLEHEART
tensor(29),ELBOWED PIERROT
tensor(52),CABBAGE WHITE
tensor(30),DANAID EGGFLY
tensor(33),GREEN CELLED CATTLEHEART
tensor(31),MANGROVE SKIPPER
tensor(47),MESTRA
tensor(21),AN 88
tensor(9),BLACK HAIRSTREAK
tensor(51),PEACOCK
tensor(73),YELLOW SWALLOW TAIL
tensor(59),RED CRACKER
tensor(28),SOOTYWING
tensor(67),QUESTION MARK
tensor(45),MOURNING CLOAK
tensor(59),RED CRACKER
tensor(42),METALMARK
tensor(17),CLEOPATRA
tensor(19),SLEEPY ORANGE
tensor(52),APPOLLO
tensor(0),ADONIS
tensor(36),IPHICLUS SISTER
tensor(6),RED CRACKER
tensor(47),ORANGE TIP
tensor(57),EASTERN COMA
tensor(41),MESTRA
tensor(29),ELBOWED PIERROT
tensor(73),YELLOW SWALLOW TAIL
tensor(46),CHESTNUT
tensor(23),BLACK HAIRSTREAK
tensor(19),SLEEPY ORANGE
tensor(45),POPINJAY
tensor(60),RED POSTMAN
tensor(13),CLODIUS PARNASSIAN
tensor(20),CHECQUERED SKIPPER
tensor(74),MANGROVE SKIPPER
tensor(24),CRIMSON PATCH
tensor(35),PIPEVINE SWALLOW
tensor(1),AFRICAN GIANT SWALLOWTAIL
tensor(1),EASTERN COMA
tensor(73),YELLOW SWALLOW TAIL
tensor(13),PINE WHITE
tensor(16),SCARCE SWALLOW
tensor(49),AFRICAN GIANT SWALLOWTAIL
tensor(25),MILBERTS TORTOISESHELL
tensor(69),MILBERTS TORTOISESHELL
tensor(18),CLODIUS PARNASSIAN
tensor(8),APPOLLO
tensor(56),PAINTED LADY
tensor(65),ATALA
tensor(45),MANGROVE SKIPPER
tensor(33),ATALA
tensor(22),AN 88
tensor(45),EASTERN COMA
tensor(6),VICEROY
tensor(1),AFRICAN GIANT SWALLOWTAIL
tensor(40),MANGROVE SKIPPER
tensor(15),EASTERN COMA
tensor(67),STRAITED QUEEN
tensor(47),ADONIS
tensor(20),ZEBRA LONG WING
tensor(42),METALMARK
tensor(65),SOOTYWING
tensor(32),POPINJAY
tensor(57),DANAID EGGFLY
tensor(48),ORCHARD SWALLOW
tensor(46),EASTERN PINE ELFIN
tensor(59),STRAITED QUEEN
tensor(72),WOOD SATYR
tensor(52),CABBAGE WHITE
tensor(46),METALMARK
tensor(54),RED CRACKER
tensor(0),APPOLLO
tensor(25),RED CRACKER
tensor(47),ORANGE TIP
tensor(22),AN 88
tensor(69),ATALA
tensor(31),RED ADMIRAL
tensor(50),PAPER KITE
tensor(32),GREAT JAY
tensor(3),AN 88
tensor(16),ELBOWED PIERROT
tensor(40),ATALA
tensor(62),SCARCE SWALLOW
tensor(4),LARGE MARBLE
tensor(2),AMERICAN SNOOT
tensor(27),APPOLLO
tensor(43),MILBERTS TORTOISESHELL
tensor(22),EASTERN COMA
tensor(64),SLEEPY ORANGE
tensor(8),BECKERS WHITE
tensor(22),APPOLLO
tensor(0),ADONIS
tensor(37),JULIA
tensor(33),GREEN CELLED CATTLEHEART
tensor(38),EASTERN DAPPLE WHITE
tensor(16),CHESTNUT
tensor(59),GOLD BANDED
tensor(34),PURPLE HAIRSTREAK
tensor(23),CRECENT
tensor(31),INDRA SWALLOW
tensor(1),CRECENT
tensor(38),EASTERN DAPPLE WHITE
tensor(15),CHECQUERED SKIPPER
tensor(2),SLEEPY ORANGE
tensor(29),ELBOWED PIERROT
tensor(33),GREEN CELLED CATTLEHEART
tensor(51),PEACOCK
tensor(7),BANDED PEACOCK
tensor(6),JULIA
tensor(38),CABBAGE WHITE
tensor(11),POPINJAY
tensor(54),POPINJAY
tensor(58),ATALA
tensor(13),CABBAGE WHITE
tensor(23),CRECENT
tensor(62),SCARCE SWALLOW
tensor(45),POPINJAY
tensor(69),TWO BARRED FLASHER
tensor(2),CRIMSON PATCH
tensor(52),PINE WHITE
tensor(38),PINE WHITE
tensor(47),EASTERN PINE ELFIN
tensor(45),GREEN CELLED CATTLEHEART
tensor(8),BECKERS WHITE
tensor(63),SILVER SPOT SKIPPER
tensor(28),EASTERN PINE ELFIN
tensor(74),RED POSTMAN
tensor(19),SLEEPY ORANGE
tensor(3),RED CRACKER
tensor(43),MILBERTS TORTOISESHELL
tensor(21),COMMON WOOD-NYMPH
tensor(32),GREAT JAY
tensor(41),MESTRA
tensor(10),METALMARK
tensor(25),GREAT JAY
tensor(23),CRECENT
tensor(13),LARGE MARBLE
tensor(36),CHECQUERED SKIPPER
tensor(27),EASTERN DAPPLE WHITE
tensor(41),CLOUDED SULPHUR
tensor(5),ATALA
tensor(17),CLEOPATRA
tensor(31),EASTERN PINE ELFIN
tensor(45),MOURNING CLOAK
tensor(41),EASTERN PINE ELFIN
tensor(59),RED SPOTTED PURPLE
tensor(51),PEACOCK
tensor(10),BLUE SPOTTED CROW
tensor(66),AN 88
tensor(43),MILBERTS TORTOISESHELL
tensor(57),STRAITED QUEEN
tensor(66),CLOUDED SULPHUR
tensor(4),APPOLLO
tensor(31),MOURNING CLOAK
tensor(61),POPINJAY
tensor(31),PEACOCK
tensor(43),MILBERTS TORTOISESHELL
tensor(19),SLEEPY ORANGE
tensor(4),CABBAGE WHITE
tensor(1),INDRA SWALLOW
tensor(65),ATALA
tensor(24),CRIMSON PATCH
tensor(65),POPINJAY
tensor(53),PIPEVINE SWALLOW
tensor(4),MESTRA
tensor(40),SOOTYWING
tensor(43),BROWN SIPROETA
tensor(34),GREY HAIRSTREAK
tensor(43),MILBERTS TORTOISESHELL
tensor(1),AFRICAN GIANT SWALLOWTAIL
tensor(49),JULIA
tensor(45),MOURNING CLOAK
tensor(5),GREEN CELLED CATTLEHEART
tensor(43),MILBERTS TORTOISESHELL
tensor(56),EASTERN COMA
tensor(47),SLEEPY ORANGE
tensor(0),ADONIS
tensor(5),ATALA
tensor(72),GREY HAIRSTREAK
tensor(37),SLEEPY ORANGE
tensor(6),ATALA
tensor(51),PEACOCK
tensor(46),CHECQUERED SKIPPER
tensor(33),BROWN SIPROETA
tensor(61),ADONIS
tensor(39),MALACHITE
tensor(43),BROWN SIPROETA
tensor(14),CAIRNS BIRDWING
tensor(48),YELLOW SWALLOW TAIL
tensor(53),PIPEVINE SWALLOW
tensor(4),APPOLLO
tensor(21),COMMON WOOD-NYMPH
tensor(56),RED CRACKER
tensor(55),PURPLE HAIRSTREAK
tensor(4),AMERICAN SNOOT
tensor(10),MANGROVE SKIPPER
tensor(35),INDRA SWALLOW
tensor(51),PEACOCK
tensor(64),JULIA
tensor(32),MILBERTS TORTOISESHELL
tensor(6),BANDED ORANGE HELICONIAN
tensor(53),MANGROVE SKIPPER
tensor(56),RED CRACKER
tensor(70),BANDED PEACOCK
tensor(9),BLACK HAIRSTREAK
tensor(58),MILBERTS TORTOISESHELL
tensor(40),MANGROVE SKIPPER
tensor(9),EASTERN PINE ELFIN
tensor(61),PIPEVINE SWALLOW
tensor(30),EASTERN PINE ELFIN
tensor(9),BANDED ORANGE HELICONIAN
tensor(20),SOOTYWING
tensor(28),EASTERN PINE ELFIN
tensor(68),EASTERN PINE ELFIN
tensor(61),RED CRACKER
tensor(36),IPHICLUS SISTER
tensor(36),MOURNING CLOAK
tensor(0),ADONIS
tensor(56),PURPLISH COPPER
tensor(31),JULIA
tensor(72),SLEEPY ORANGE
tensor(44),AN 88
tensor(61),RED CRACKER
tensor(56),MILBERTS TORTOISESHELL
tensor(64),SLEEPY ORANGE
tensor(0),ADONIS
tensor(29),ELBOWED PIERROT
tensor(46),SLEEPY ORANGE
tensor(12),MILBERTS TORTOISESHELL
tensor(50),MILBERTS TORTOISESHELL
tensor(19),SOUTHERN DOGFACE
tensor(52),PINE WHITE
tensor(59),RED CRACKER
tensor(39),PAINTED LADY
tensor(14),CAIRNS BIRDWING
tensor(58),RED POSTMAN
tensor(58),CRECENT
tensor(57),QUESTION MARK
tensor(17),BECKERS WHITE
tensor(67),CHECQUERED SKIPPER
tensor(35),INDRA SWALLOW
tensor(72),CAIRNS BIRDWING
tensor(20),COPPER TAIL
tensor(44),MONARCH
tensor(2),SLEEPY ORANGE
tensor(58),VICEROY
tensor(56),CRECENT
tensor(7),BANDED PEACOCK
tensor(53),ELBOWED PIERROT
tensor(47),ORANGE TIP
tensor(17),SLEEPY ORANGE
tensor(64),CLOUDED SULPHUR
tensor(74),POPINJAY
tensor(12),BROWN SIPROETA
tensor(48),ELBOWED PIERROT
tensor(7),ATALA
tensor(62),ELBOWED PIERROT
tensor(74),ZEBRA LONG WING
tensor(28),CHECQUERED SKIPPER
tensor(60),EASTERN COMA
tensor(4),BECKERS WHITE
tensor(21),ATALA
tensor(20),PAINTED LADY
tensor(21),CHECQUERED SKIPPER
tensor(13),CLEOPATRA
tensor(64),SLEEPY ORANGE
tensor(36),IPHICLUS SISTER
tensor(14),AN 88
tensor(54),ATALA
tensor(12),BROWN SIPROETA
tensor(6),BANDED ORANGE HELICONIAN
tensor(1),APPOLLO
tensor(9),CHESTNUT
tensor(48),ORCHARD SWALLOW
tensor(51),SLEEPY ORANGE
tensor(52),APPOLLO
tensor(63),BLUE SPOTTED CROW
tensor(12),MILBERTS TORTOISESHELL
tensor(33),POPINJAY
tensor(11),CRECENT
tensor(40),MANGROVE SKIPPER
tensor(1),GREAT JAY
tensor(28),ORANGE OAKLEAF
tensor(18),SILVER SPOT SKIPPER
tensor(53),PIPEVINE SWALLOW
tensor(47),CABBAGE WHITE
tensor(21),EASTERN PINE ELFIN
tensor(16),CHESTNUT
tensor(48),INDRA SWALLOW
tensor(45),MOURNING CLOAK
tensor(36),IPHICLUS SISTER
tensor(11),BLUE SPOTTED CROW
tensor(4),MALACHITE
tensor(63),CHECQUERED SKIPPER
tensor(24),CRIMSON PATCH
tensor(47),ORANGE TIP
tensor(42),RED CRACKER
tensor(61),RED SPOTTED PURPLE
tensor(68),WOOD SATYR
tensor(45),MOURNING CLOAK
tensor(39),MALACHITE
tensor(34),GREY HAIRSTREAK
tensor(20),AN 88
tensor(46),CLOUDED SULPHUR
tensor(0),ADONIS
tensor(65),POPINJAY
tensor(11),SOOTYWING
tensor(15),CHECQUERED SKIPPER
tensor(14),GREEN CELLED CATTLEHEART
tensor(73),EASTERN PINE ELFIN
tensor(4),APPOLLO
tensor(31),MANGROVE SKIPPER
tensor(62),CLODIUS PARNASSIAN
tensor(44),JULIA
tensor(18),CLODIUS PARNASSIAN
tensor(34),MANGROVE SKIPPER
tensor(50),MESTRA
tensor(44),VICEROY
tensor(57),STRAITED QUEEN
tensor(7),BANDED PEACOCK
tensor(74),CHESTNUT
tensor(9),BLACK HAIRSTREAK
tensor(18),CLODIUS PARNASSIAN
tensor(21),COMMON WOOD-NYMPH
tensor(52),AMERICAN SNOOT
tensor(32),MALACHITE
tensor(33),ATALA
tensor(26),CRECENT
tensor(73),YELLOW SWALLOW TAIL
tensor(26),EASTERN COMA
tensor(9),BLACK HAIRSTREAK
tensor(18),EASTERN PINE ELFIN
tensor(0),ADONIS
tensor(13),CABBAGE WHITE
tensor(61),RED SPOTTED PURPLE
tensor(58),ATALA
tensor(0),ADONIS
tensor(63),CHECQUERED SKIPPER
tensor(4),CABBAGE WHITE
tensor(22),GREAT JAY
tensor(17),LARGE MARBLE
tensor(56),CHECQUERED SKIPPER
tensor(64),SOUTHERN DOGFACE
tensor(64),BANDED ORANGE HELICONIAN
tensor(6),SLEEPY ORANGE
tensor(12),MILBERTS TORTOISESHELL
tensor(8),LARGE MARBLE
tensor(36),SILVER SPOT SKIPPER
tensor(43),GOLD BANDED
tensor(30),BANDED ORANGE HELICONIAN
tensor(56),LARGE MARBLE
tensor(62),SCARCE SWALLOW
tensor(52),PINE WHITE
tensor(61),POPINJAY
tensor(4),APPOLLO
tensor(45),MOURNING CLOAK
tensor(43),INDRA SWALLOW
tensor(32),AMERICAN SNOOT
tensor(11),PAINTED LADY
tensor(34),GREY HAIRSTREAK
tensor(52),BECKERS WHITE
tensor(33),ZEBRA LONG WING
tensor(60),VICEROY
tensor(64),DANAID EGGFLY
tensor(36),IPHICLUS SISTER
tensor(6),PAINTED LADY
tensor(22),MILBERTS TORTOISESHELL
tensor(39),MOURNING CLOAK
tensor(52),SCARCE SWALLOW
tensor(55),AN 88
tensor(12),BROWN SIPROETA
tensor(22),MALACHITE
tensor(63),EASTERN DAPPLE WHITE
tensor(2),CHESTNUT
tensor(28),EASTERN PINE ELFIN
tensor(57),SLEEPY ORANGE
tensor(37),SLEEPY ORANGE
tensor(19),CLOUDED SULPHUR
tensor(28),AN 88
tensor(72),BLACK HAIRSTREAK
tensor(15),CHECQUERED SKIPPER
tensor(33),SOOTYWING
tensor(2),MALACHITE
tensor(31),MANGROVE SKIPPER
tensor(70),ULYSES
tensor(28),EASTERN PINE ELFIN
tensor(62),EASTERN DAPPLE WHITE
tensor(18),SCARCE SWALLOW
tensor(52),PINE WHITE
tensor(18),CABBAGE WHITE
tensor(55),ZEBRA LONG WING
tensor(50),PAPER KITE
tensor(32),GREAT JAY
tensor(8),EASTERN DAPPLE WHITE
tensor(36),GREEN CELLED CATTLEHEART
tensor(28),EASTERN PINE ELFIN
tensor(44),EASTERN COMA
tensor(3),AN 88
tensor(34),GREY HAIRSTREAK
tensor(27),LARGE MARBLE
tensor(0),ADONIS
tensor(47),CLEOPATRA
tensor(46),STRAITED QUEEN
tensor(21),BLACK HAIRSTREAK
tensor(49),ORCHARD SWALLOW
tensor(7),RED POSTMAN
tensor(40),ORANGE OAKLEAF
tensor(11),GREEN CELLED CATTLEHEART
tensor(68),PINE WHITE
tensor(8),COMMON WOOD-NYMPH
tensor(26),EASTERN COMA
tensor(59),RED CRACKER
tensor(24),CRIMSON PATCH
tensor(47),ORANGE TIP
tensor(26),QUESTION MARK
tensor(62),SCARCE SWALLOW
tensor(35),INDRA SWALLOW
tensor(18),CLEOPATRA
tensor(12),BROWN SIPROETA
tensor(52),PINE WHITE
tensor(70),METALMARK
tensor(62),SCARCE SWALLOW
tensor(16),ZEBRA LONG WING
tensor(5),ATALA
tensor(13),LARGE MARBLE
tensor(28),CHECQUERED SKIPPER
tensor(31),ATALA
tensor(60),ORCHARD SWALLOW
tensor(72),TROPICAL LEAFWING
tensor(53),PIPEVINE SWALLOW
tensor(53),PIPEVINE SWALLOW
tensor(35),INDRA SWALLOW
tensor(14),MILBERTS TORTOISESHELL
tensor(3),AN 88
tensor(9),INDRA SWALLOW
tensor(12),MOURNING CLOAK
tensor(69),CLODIUS PARNASSIAN
tensor(35),ATALA
tensor(62),ELBOWED PIERROT
tensor(15),CHECQUERED SKIPPER
tensor(60),IPHICLUS SISTER
tensor(2),EASTERN PINE ELFIN
tensor(20),QUESTION MARK
tensor(45),MOURNING CLOAK
tensor(13),CABBAGE WHITE
tensor(44),MONARCH
tensor(10),ADONIS
tensor(27),EASTERN DAPPLE WHITE
tensor(58),RED ADMIRAL
tensor(47),MESTRA
tensor(54),GREEN CELLED CATTLEHEART
tensor(13),CABBAGE WHITE
tensor(35),INDRA SWALLOW
tensor(53),PIPEVINE SWALLOW
tensor(8),LARGE MARBLE
tensor(20),APPOLLO
tensor(71),CRECENT
tensor(16),SCARCE SWALLOW
tensor(38),EASTERN DAPPLE WHITE
tensor(35),INDRA SWALLOW
tensor(17),CLEOPATRA
tensor(22),PINE WHITE
tensor(64),CLOUDED SULPHUR
tensor(59),TWO BARRED FLASHER
tensor(69),ZEBRA LONG WING
tensor(43),RED ADMIRAL
tensor(54),POPINJAY
tensor(45),MOURNING CLOAK
tensor(72),CHECQUERED SKIPPER
tensor(41),PAINTED LADY
tensor(32),GREAT JAY
tensor(0),COMMON WOOD-NYMPH
tensor(18),MALACHITE
tensor(53),ZEBRA LONG WING
tensor(57),EASTERN COMA
tensor(34),PINE WHITE
tensor(70),ULYSES
tensor(56),EASTERN DAPPLE WHITE
tensor(17),CLEOPATRA
tensor(11),BLUE SPOTTED CROW
tensor(26),EASTERN COMA
tensor(12),RED POSTMAN
tensor(24),LARGE MARBLE
tensor(31),ATALA
tensor(31),IPHICLUS SISTER
tensor(69),TWO BARRED FLASHER
tensor(26),JULIA
tensor(50),GREY HAIRSTREAK
tensor(2),SCARCE SWALLOW
tensor(62),SCARCE SWALLOW
tensor(6),APPOLLO
tensor(21),SOOTYWING
tensor(43),MILBERTS TORTOISESHELL
tensor(1),AFRICAN GIANT SWALLOWTAIL
tensor(51),PEACOCK
tensor(53),PIPEVINE SWALLOW
tensor(34),GREY HAIRSTREAK
tensor(51),COMMON BANDED AWL
tensor(5),PIPEVINE SWALLOW
tensor(24),CRIMSON PATCH
tensor(60),BROWN SIPROETA
tensor(7),CHESTNUT
tensor(31),SOOTYWING
tensor(31),SLEEPY ORANGE
tensor(63),RED SPOTTED PURPLE
tensor(0),ADONIS
tensor(55),ULYSES
tensor(5),MOURNING CLOAK
tensor(20),AFRICAN GIANT SWALLOWTAIL
tensor(58),MILBERTS TORTOISESHELL
tensor(0),AN 88
tensor(19),SOUTHERN DOGFACE
tensor(14),CAIRNS BIRDWING
tensor(48),ORCHARD SWALLOW
tensor(4),CABBAGE WHITE
tensor(40),POPINJAY
tensor(44),MONARCH
tensor(26),BANDED ORANGE HELICONIAN
tensor(39),EASTERN COMA
tensor(45),MOURNING CLOAK
tensor(6),BANDED ORANGE HELICONIAN
tensor(66),SOUTHERN DOGFACE
tensor(40),MANGROVE SKIPPER
tensor(31),ATALA
tensor(67),VICEROY
tensor(34),GREY HAIRSTREAK
tensor(23),CRECENT
tensor(39),MALACHITE
tensor(24),CRIMSON PATCH
tensor(73),YELLOW SWALLOW TAIL
tensor(12),BLACK HAIRSTREAK
tensor(61),SOOTYWING
tensor(67),STRAITED QUEEN
tensor(15),SLEEPY ORANGE
tensor(30),ATALA
tensor(15),CHECQUERED SKIPPER
tensor(46),ORANGE OAKLEAF
tensor(38),EASTERN DAPPLE WHITE
tensor(0),ADONIS
tensor(3),AN 88
tensor(45),MOURNING CLOAK
tensor(62),SCARCE SWALLOW
tensor(23),STRAITED QUEEN
tensor(34),GREY HAIRSTREAK
tensor(56),EASTERN PINE ELFIN
tensor(70),ULYSES
tensor(16),MALACHITE
tensor(22),SLEEPY ORANGE
tensor(20),GREY HAIRSTREAK
tensor(4),SCARCE SWALLOW
tensor(7),CRECENT
tensor(60),GREAT EGGFLY
tensor(64),JULIA
tensor(8),APPOLLO
tensor(62),SCARCE SWALLOW
tensor(66),SLEEPY ORANGE
tensor(40),ORANGE OAKLEAF
tensor(71),AN 88
tensor(4),LARGE MARBLE
tensor(65),CHECQUERED SKIPPER
tensor(62),SCARCE SWALLOW
tensor(67),QUESTION MARK
tensor(48),ELBOWED PIERROT
tensor(73),YELLOW SWALLOW TAIL
tensor(39),MALACHITE
tensor(49),PAINTED LADY
tensor(56),EASTERN PINE ELFIN
tensor(17),CLEOPATRA
tensor(36),RED CRACKER
tensor(45),GREAT JAY
tensor(52),PINE WHITE
tensor(47),EASTERN PINE ELFIN
tensor(55),PURPLE HAIRSTREAK
tensor(73),YELLOW SWALLOW TAIL
tensor(10),ADONIS
tensor(10),AN 88
tensor(1),AFRICAN GIANT SWALLOWTAIL
tensor(17),SLEEPY ORANGE
tensor(3),AN 88
tensor(35),GREY HAIRSTREAK
tensor(17),SLEEPY ORANGE
tensor(35),APPOLLO
tensor(32),CHESTNUT
tensor(40),CHESTNUT
tensor(17),SLEEPY ORANGE
tensor(60),RED POSTMAN
tensor(14),CAIRNS BIRDWING
tensor(26),EASTERN COMA
tensor(45),MOURNING CLOAK
tensor(71),CRECENT
tensor(58),MOURNING CLOAK
tensor(15),CHECQUERED SKIPPER
tensor(62),SCARCE SWALLOW
tensor(72),ZEBRA LONG WING
tensor(29),MESTRA
tensor(28),EASTERN PINE ELFIN
tensor(52),MESTRA
tensor(4),GREY HAIRSTREAK
tensor(36),IPHICLUS SISTER
tensor(6),JULIA
tensor(61),POPINJAY
tensor(5),MANGROVE SKIPPER
tensor(39),MALACHITE
tensor(13),PINE WHITE
tensor(49),SLEEPY ORANGE
tensor(70),ULYSES
tensor(27),LARGE MARBLE
tensor(74),EASTERN PINE ELFIN
tensor(6),BANDED ORANGE HELICONIAN
tensor(49),PAINTED LADY
tensor(58),RED ADMIRAL
tensor(28),MOURNING CLOAK
tensor(36),IPHICLUS SISTER
tensor(43),EASTERN PINE ELFIN
tensor(43),MILBERTS TORTOISESHELL
tensor(38),EASTERN DAPPLE WHITE
tensor(37),JULIA
tensor(49),MALACHITE
tensor(38),EASTERN DAPPLE WHITE
tensor(57),EASTERN COMA
tensor(57),PAINTED LADY
tensor(8),CLEOPATRA
tensor(44),PIPEVINE SWALLOW
tensor(44),GOLD BANDED
tensor(41),ELBOWED PIERROT
tensor(58),RED ADMIRAL
tensor(46),ORANGE OAKLEAF
tensor(41),PINE WHITE
tensor(68),CRECENT
tensor(36),BROWN SIPROETA
tensor(0),ADONIS
tensor(45),MOURNING CLOAK
tensor(32),ELBOWED PIERROT
tensor(49),AMERICAN SNOOT
tensor(23),EASTERN COMA
tensor(57),EASTERN COMA
tensor(1),AFRICAN GIANT SWALLOWTAIL
tensor(73),YELLOW SWALLOW TAIL
tensor(69),RED CRACKER
tensor(72),SOOTYWING
tensor(44),BANDED ORANGE HELICONIAN
tensor(32),GREAT JAY
tensor(1),SCARCE SWALLOW
tensor(23),VICEROY
tensor(8),CLEOPATRA
tensor(25),RED CRACKER
tensor(64),SLEEPY ORANGE
tensor(16),CHESTNUT
tensor(54),POPINJAY
tensor(64),BANDED ORANGE HELICONIAN
tensor(62),SCARCE SWALLOW
tensor(9),BLACK HAIRSTREAK
tensor(15),CHECQUERED SKIPPER
tensor(10),ULYSES
tensor(32),GREAT JAY
tensor(30),MONARCH
tensor(58),RED ADMIRAL
tensor(57),QUESTION MARK
tensor(55),POPINJAY
tensor(15),RED POSTMAN
tensor(73),SCARCE SWALLOW
tensor(29),ELBOWED PIERROT
tensor(15),MALACHITE
tensor(41),CRECENT
tensor(10),ULYSES
tensor(66),JULIA
tensor(28),CHECQUERED SKIPPER
tensor(22),ZEBRA LONG WING
tensor(48),ORCHARD SWALLOW
tensor(61),MANGROVE SKIPPER
tensor(47),ORANGE TIP
tensor(6),TWO BARRED FLASHER
tensor(41),MESTRA
tensor(47),JULIA
tensor(52),CABBAGE WHITE
tensor(13),CLEOPATRA
tensor(45),MOURNING CLOAK
tensor(12),QUESTION MARK
tensor(74),ZEBRA LONG WING
tensor(1),VICEROY
tensor(21),SCARCE SWALLOW
tensor(28),EASTERN PINE ELFIN
tensor(30),COMMON WOOD-NYMPH
tensor(50),PAPER KITE
tensor(33),GREEN CELLED CATTLEHEART
tensor(71),DANAID EGGFLY
tensor(4),APPOLLO
tensor(36),CHECQUERED SKIPPER
tensor(16),ZEBRA LONG WING
tensor(45),MOURNING CLOAK
tensor(46),VICEROY
tensor(53),PIPEVINE SWALLOW
tensor(56),PAINTED LADY
tensor(72),WOOD SATYR
tensor(38),LARGE MARBLE
tensor(53),PIPEVINE SWALLOW
tensor(12),BROWN SIPROETA
tensor(41),MESTRA
tensor(47),ORANGE TIP
tensor(12),CAIRNS BIRDWING
tensor(35),MILBERTS TORTOISESHELL
tensor(65),POPINJAY
tensor(6),BANDED ORANGE HELICONIAN
tensor(59),RED CRACKER
tensor(23),PEACOCK
tensor(33),INDRA SWALLOW
tensor(5),ATALA
tensor(64),PAINTED LADY
tensor(56),EASTERN COMA
tensor(22),AN 88
tensor(6),MALACHITE
tensor(70),ULYSES
tensor(71),VICEROY
tensor(44),VICEROY
tensor(53),PIPEVINE SWALLOW
tensor(69),TWO BARRED FLASHER
tensor(25),PAINTED LADY
tensor(31),IPHICLUS SISTER
tensor(45),MOURNING CLOAK
tensor(44),LARGE MARBLE
tensor(13),GREY HAIRSTREAK
tensor(11),BLUE SPOTTED CROW
tensor(13),CABBAGE WHITE
tensor(41),MANGROVE SKIPPER
tensor(4),PINE WHITE
tensor(54),POPINJAY
tensor(31),ATALA
tensor(33),ATALA
tensor(62),SCARCE SWALLOW
tensor(43),EASTERN PINE ELFIN
tensor(62),SCARCE SWALLOW
tensor(57),EASTERN COMA
tensor(4),LARGE MARBLE
tensor(72),COPPER TAIL
tensor(7),BANDED PEACOCK
tensor(47),LARGE MARBLE
tensor(27),SOUTHERN DOGFACE
tensor(65),CHECQUERED SKIPPER
tensor(57),BANDED ORANGE HELICONIAN
tensor(72),CRECENT
tensor(48),CRIMSON PATCH
tensor(50),PAPER KITE
tensor(22),AN 88
tensor(65),ATALA
tensor(56),EASTERN DAPPLE WHITE
tensor(53),MANGROVE SKIPPER
tensor(59),RED CRACKER
tensor(14),GREEN CELLED CATTLEHEART
tensor(25),PEACOCK
tensor(61),CAIRNS BIRDWING
tensor(43),CRECENT
tensor(19),SLEEPY ORANGE
tensor(20),MESTRA
tensor(43),EASTERN PINE ELFIN
tensor(32),GREAT JAY
tensor(67),STRAITED QUEEN
tensor(49),STRAITED QUEEN
tensor(30),GOLD BANDED
tensor(57),JULIA
tensor(27),CABBAGE WHITE
tensor(66),SLEEPY ORANGE
tensor(37),SLEEPY ORANGE
tensor(19),CLOUDED SULPHUR
tensor(39),MALACHITE
tensor(50),PAPER KITE
tensor(59),RED CRACKER
tensor(39),ATALA
tensor(51),RED POSTMAN
tensor(37),JULIA
tensor(33),GREEN CELLED CATTLEHEART
tensor(72),WOOD SATYR
tensor(67),MALACHITE
tensor(24),CRIMSON PATCH
tensor(28),STRAITED QUEEN
tensor(49),SCARCE SWALLOW
tensor(0),ADONIS
tensor(0),ADONIS
tensor(54),POPINJAY
tensor(9),CHECQUERED SKIPPER
tensor(73),PIPEVINE SWALLOW
tensor(37),JULIA
tensor(19),PAPER KITE
tensor(72),SOUTHERN DOGFACE
tensor(14),CAIRNS BIRDWING
tensor(45),MOURNING CLOAK
tensor(59),CRIMSON PATCH
tensor(37),JULIA
tensor(40),CHECQUERED SKIPPER
tensor(19),SLEEPY ORANGE
tensor(68),PAINTED LADY
tensor(13),SCARCE SWALLOW
tensor(36),IPHICLUS SISTER
tensor(71),STRAITED QUEEN
tensor(10),BLUE MORPHO
tensor(16),SCARCE SWALLOW
tensor(58),RED ADMIRAL
tensor(58),RED ADMIRAL
tensor(70),ULYSES
tensor(40),POPINJAY
tensor(4),APPOLLO
tensor(45),ATALA
tensor(38),EASTERN DAPPLE WHITE
tensor(44),MONARCH
tensor(21),BLACK HAIRSTREAK
tensor(41),MESTRA
tensor(63),GREEN CELLED CATTLEHEART
tensor(44),SILVER SPOT SKIPPER
tensor(49),BANDED ORANGE HELICONIAN
tensor(65),SOOTYWING
tensor(66),SLEEPY ORANGE
tensor(20),MANGROVE SKIPPER
tensor(13),EASTERN DAPPLE WHITE
tensor(29),YELLOW SWALLOW TAIL
tensor(54),RED SPOTTED PURPLE
tensor(11),GREEN CELLED CATTLEHEART
tensor(7),BANDED PEACOCK
tensor(8),LARGE MARBLE
tensor(28),COMMON WOOD-NYMPH
tensor(8),CLOUDED SULPHUR
tensor(62),SCARCE SWALLOW
tensor(10),BLUE MORPHO
tensor(7),CAIRNS BIRDWING
tensor(41),BLUE SPOTTED CROW
tensor(31),POPINJAY
tensor(26),EASTERN COMA
tensor(0),CABBAGE WHITE
tensor(41),CLOUDED SULPHUR
tensor(54),POPINJAY
tensor(33),GREEN CELLED CATTLEHEART
tensor(40),MANGROVE SKIPPER
tensor(19),CLEOPATRA
tensor(28),EASTERN COMA
tensor(71),SOUTHERN DOGFACE
tensor(45),MOURNING CLOAK
tensor(32),GREAT JAY
tensor(16),CHESTNUT
tensor(39),EASTERN COMA
tensor(26),EASTERN COMA
tensor(18),EASTERN DAPPLE WHITE
tensor(3),AN 88
tensor(58),EASTERN PINE ELFIN
tensor(26),EASTERN COMA
tensor(35),INDRA SWALLOW
tensor(67),PAINTED LADY
tensor(48),GREEN CELLED CATTLEHEART
tensor(4),LARGE MARBLE
tensor(72),LARGE MARBLE
tensor(65),SOOTYWING
tensor(21),CLOUDED SULPHUR
tensor(68),COMMON BANDED AWL
tensor(26),EASTERN COMA
tensor(51),ATALA
tensor(0),ADONIS
tensor(34),GREY HAIRSTREAK
tensor(51),STRAITED QUEEN
tensor(67),STRAITED QUEEN
tensor(34),APPOLLO
tensor(65),EASTERN PINE ELFIN
tensor(71),BANDED ORANGE HELICONIAN
tensor(59),RED CRACKER
tensor(58),EASTERN COMA
tensor(29),ELBOWED PIERROT
tensor(12),MILBERTS TORTOISESHELL
tensor(18),SCARCE SWALLOW
tensor(31),GREY HAIRSTREAK
tensor(24),BLUE SPOTTED CROW
tensor(54),POPINJAY
tensor(26),EASTERN COMA
tensor(20),CHECQUERED SKIPPER
tensor(12),BROWN SIPROETA
tensor(71),VICEROY
tensor(7),RED SPOTTED PURPLE
tensor(63),ZEBRA LONG WING
tensor(44),CHECQUERED SKIPPER
tensor(72),WOOD SATYR
tensor(72),AMERICAN SNOOT
tensor(34),MANGROVE SKIPPER
tensor(26),STRAITED QUEEN
tensor(71),VICEROY
tensor(71),VICEROY
tensor(21),EASTERN PINE ELFIN
tensor(38),GREY HAIRSTREAK
tensor(20),SLEEPY ORANGE
tensor(17),CLOUDED SULPHUR
tensor(72),WOOD SATYR
tensor(11),MOURNING CLOAK
tensor(8),CABBAGE WHITE
tensor(34),BLACK HAIRSTREAK
tensor(49),PURPLISH COPPER
tensor(48),ORCHARD SWALLOW
tensor(42),INDRA SWALLOW
tensor(44),MONARCH
tensor(8),SCARCE SWALLOW
tensor(51),PEACOCK
tensor(67),STRAITED QUEEN
tensor(8),APPOLLO
tensor(56),EASTERN COMA
tensor(17),CLEOPATRA
tensor(19),CLEOPATRA
tensor(14),CAIRNS BIRDWING
tensor(66),SLEEPY ORANGE
tensor(54),ATALA
tensor(58),GREEN CELLED CATTLEHEART
tensor(41),MESTRA
tensor(56),EASTERN PINE ELFIN
tensor(34),GREY HAIRSTREAK
tensor(70),ULYSES
tensor(22),CRECENT
tensor(61),RED SPOTTED PURPLE
tensor(68),MALACHITE
tensor(44),RED CRACKER
tensor(55),GREY HAIRSTREAK
tensor(34),ORANGE TIP
tensor(64),DANAID EGGFLY
tensor(27),CLEOPATRA
tensor(57),PAINTED LADY
tensor(13),LARGE MARBLE
tensor(57),POPINJAY
tensor(61),MANGROVE SKIPPER
tensor(56),MANGROVE SKIPPER
tensor(47),CABBAGE WHITE
tensor(44),CHECQUERED SKIPPER
tensor(63),MALACHITE
tensor(49),PAINTED LADY
tensor(0),ADONIS
tensor(69),TWO BARRED FLASHER
tensor(28),EASTERN PINE ELFIN
tensor(46),MANGROVE SKIPPER
tensor(56),DANAID EGGFLY
tensor(28),EASTERN PINE ELFIN
tensor(28),EASTERN PINE ELFIN
tensor(57),EASTERN DAPPLE WHITE
tensor(34),GREY HAIRSTREAK
tensor(45),MOURNING CLOAK
tensor(48),ORCHARD SWALLOW
tensor(59),CRIMSON PATCH
tensor(56),EASTERN COMA
tensor(61),MANGROVE SKIPPER
tensor(27),EASTERN DAPPLE WHITE
tensor(16),CHESTNUT
tensor(30),GOLD BANDED
tensor(45),MOURNING CLOAK
tensor(63),CRECENT
tensor(47),EASTERN PINE ELFIN
tensor(44),VICEROY
tensor(4),APPOLLO
tensor(50),LARGE MARBLE
tensor(50),PAPER KITE
tensor(50),AN 88
tensor(60),RED ADMIRAL
tensor(18),APPOLLO
tensor(18),MESTRA
tensor(5),ATALA
tensor(47),ORANGE TIP
tensor(46),RED POSTMAN
tensor(62),SCARCE SWALLOW
tensor(55),PIPEVINE SWALLOW
tensor(0),ADONIS
tensor(56),AN 88
tensor(13),BECKERS WHITE
tensor(67),MOURNING CLOAK
tensor(2),AN 88
tensor(5),RED POSTMAN
tensor(60),RED POSTMAN
tensor(27),EASTERN DAPPLE WHITE
tensor(32),ELBOWED PIERROT
tensor(55),ULYSES
tensor(5),CRIMSON PATCH
tensor(56),SLEEPY ORANGE
tensor(43),MILBERTS TORTOISESHELL
tensor(34),GREY HAIRSTREAK
tensor(64),SLEEPY ORANGE
tensor(61),TWO BARRED FLASHER
tensor(19),SLEEPY ORANGE
tensor(70),TWO BARRED FLASHER
tensor(51),EASTERN COMA
tensor(67),SOOTYWING
tensor(1),MOURNING CLOAK
tensor(2),PAPER KITE
tensor(25),BANDED ORANGE HELICONIAN
tensor(46),ORANGE OAKLEAF
tensor(3),AN 88
tensor(8),LARGE MARBLE
tensor(46),ATALA
tensor(62),SCARCE SWALLOW
tensor(67),STRAITED QUEEN
tensor(71),VICEROY
tensor(3),AN 88
tensor(40),MOURNING CLOAK
tensor(49),PAINTED LADY
tensor(49),EASTERN COMA
tensor(9),BLACK HAIRSTREAK
tensor(1),AFRICAN GIANT SWALLOWTAIL
tensor(73),YELLOW SWALLOW TAIL
tensor(28),EASTERN PINE ELFIN
tensor(57),QUESTION MARK
tensor(50),CABBAGE WHITE
tensor(45),MOURNING CLOAK
tensor(21),RED ADMIRAL
tensor(5),MILBERTS TORTOISESHELL
tensor(31),INDRA SWALLOW
tensor(56),BROWN SIPROETA
tensor(49),EASTERN PINE ELFIN
tensor(38),LARGE MARBLE
tensor(23),PAINTED LADY
tensor(50),ELBOWED PIERROT
tensor(40),RED SPOTTED PURPLE
tensor(58),RED ADMIRAL
tensor(18),ELBOWED PIERROT
tensor(73),YELLOW SWALLOW TAIL
tensor(45),MOURNING CLOAK
tensor(9),QUESTION MARK
tensor(72),WOOD SATYR
tensor(47),ORANGE TIP
tensor(57),EASTERN COMA
tensor(31),POPINJAY
tensor(0),CABBAGE WHITE
tensor(57),ORANGE OAKLEAF
tensor(68),SLEEPY ORANGE
tensor(27),EASTERN DAPPLE WHITE
tensor(59),RED POSTMAN
tensor(46),ORANGE OAKLEAF
tensor(32),GREAT JAY
tensor(14),CAIRNS BIRDWING
tensor(53),MOURNING CLOAK
tensor(26),EASTERN COMA
tensor(39),MALACHITE
tensor(25),STRAITED QUEEN
tensor(73),RED POSTMAN
tensor(18),BECKERS WHITE
tensor(53),ZEBRA LONG WING
tensor(37),JULIA
tensor(29),ORCHARD SWALLOW
tensor(17),SOUTHERN DOGFACE
tensor(25),EASTERN PINE ELFIN
tensor(47),ORANGE TIP
tensor(5),INDRA SWALLOW
tensor(45),MOURNING CLOAK
tensor(16),CHESTNUT
tensor(68),CLOUDED SULPHUR
tensor(68),RED ADMIRAL
tensor(54),POPINJAY
tensor(25),RED CRACKER
tensor(3),AN 88
tensor(0),ADONIS
tensor(15),PAINTED LADY
tensor(64),SLEEPY ORANGE
tensor(4),LARGE MARBLE
tensor(70),ULYSES
tensor(50),GREAT JAY
tensor(63),ZEBRA LONG WING
tensor(71),MONARCH
tensor(35),GREAT JAY
tensor(48),IPHICLUS SISTER
tensor(62),SCARCE SWALLOW
tensor(27),EASTERN DAPPLE WHITE
tensor(18),CABBAGE WHITE
tensor(30),EASTERN PINE ELFIN
tensor(73),PAINTED LADY
tensor(42),RED CRACKER
tensor(46),GREY HAIRSTREAK
tensor(20),EASTERN PINE ELFIN
tensor(29),ELBOWED PIERROT
tensor(26),EASTERN PINE ELFIN
tensor(66),SLEEPY ORANGE
tensor(29),RED CRACKER
tensor(73),PIPEVINE SWALLOW
tensor(18),LARGE MARBLE
tensor(8),EASTERN DAPPLE WHITE
tensor(48),ATALA
tensor(24),BANDED PEACOCK
tensor(71),DANAID EGGFLY
tensor(62),BECKERS WHITE
tensor(35),CHECQUERED SKIPPER
tensor(9),CHECQUERED SKIPPER
tensor(74),MOURNING CLOAK
tensor(52),PINE WHITE
tensor(58),RED ADMIRAL
tensor(10),ATALA
tensor(6),AMERICAN SNOOT
tensor(12),BANDED PEACOCK
tensor(20),SCARCE SWALLOW
tensor(19),SLEEPY ORANGE
tensor(49),CRECENT
tensor(59),RED CRACKER
tensor(34),GREY HAIRSTREAK
tensor(61),SOOTYWING
tensor(34),AN 88
tensor(4),APPOLLO
tensor(54),POPINJAY
tensor(23),CRECENT
tensor(17),SLEEPY ORANGE
tensor(0),MALACHITE
tensor(71),CRECENT
tensor(49),GREAT JAY
tensor(36),IPHICLUS SISTER
tensor(23),VICEROY
tensor(21),MOURNING CLOAK
tensor(34),GREY HAIRSTREAK
tensor(56),SLEEPY ORANGE
tensor(44),CLODIUS PARNASSIAN
tensor(17),SLEEPY ORANGE
tensor(47),ORANGE TIP
tensor(63),SILVER SPOT SKIPPER
tensor(15),STRAITED QUEEN
tensor(4),GREAT JAY
tensor(13),CABBAGE WHITE
tensor(3),EASTERN PINE ELFIN
tensor(24),CRIMSON PATCH
tensor(73),YELLOW SWALLOW TAIL
tensor(20),CLEOPATRA
tensor(17),COPPER TAIL
tensor(74),MANGROVE SKIPPER
tensor(7),ULYSES
tensor(36),IPHICLUS SISTER
tensor(5),ATALA
tensor(4),EASTERN DAPPLE WHITE
tensor(1),GREEN CELLED CATTLEHEART
tensor(39),MALACHITE
tensor(0),GREY HAIRSTREAK
tensor(66),SOUTHERN DOGFACE
tensor(13),CLEOPATRA
tensor(34),GREY HAIRSTREAK
tensor(38),EASTERN DAPPLE WHITE
tensor(56),STRAITED QUEEN
tensor(50),CABBAGE WHITE
tensor(27),EASTERN DAPPLE WHITE
tensor(70),ULYSES
tensor(43),MILBERTS TORTOISESHELL
tensor(13),CABBAGE WHITE
tensor(23),JULIA
tensor(72),EASTERN PINE ELFIN
tensor(59),ATALA
tensor(19),SLEEPY ORANGE
tensor(8),BECKERS WHITE
tensor(35),PIPEVINE SWALLOW
tensor(22),CRECENT
tensor(44),MONARCH
tensor(18),MESTRA
tensor(38),COMMON WOOD-NYMPH
tensor(28),EASTERN PINE ELFIN
tensor(15),QUESTION MARK
tensor(50),CABBAGE WHITE
tensor(53),PIPEVINE SWALLOW
tensor(44),CRIMSON PATCH
tensor(67),STRAITED QUEEN
tensor(6),BANDED ORANGE HELICONIAN
tensor(49),EASTERN DAPPLE WHITE
tensor(32),SLEEPY ORANGE
tensor(3),AN 88
tensor(53),RED SPOTTED PURPLE
tensor(26),EASTERN COMA
tensor(38),LARGE MARBLE
tensor(37),JULIA
tensor(60),RED POSTMAN
tensor(41),MESTRA
tensor(67),JULIA
tensor(67),MONARCH
tensor(16),ZEBRA LONG WING
tensor(69),MESTRA
tensor(44),CRIMSON PATCH
tensor(6),BANDED ORANGE HELICONIAN
tensor(15),CHECQUERED SKIPPER
tensor(19),SLEEPY ORANGE
tensor(47),MALACHITE
tensor(4),GREY HAIRSTREAK
tensor(46),APPOLLO
tensor(36),GREAT JAY
tensor(7),CHECQUERED SKIPPER
tensor(33),GREEN CELLED CATTLEHEART
tensor(49),CRIMSON PATCH
tensor(60),RED POSTMAN
tensor(38),LARGE MARBLE
tensor(51),PEACOCK
tensor(10),BLUE MORPHO
tensor(25),STRAITED QUEEN
tensor(12),BROWN SIPROETA
tensor(70),ULYSES
tensor(60),RED POSTMAN
tensor(73),EASTERN PINE ELFIN
tensor(6),BANDED ORANGE HELICONIAN
tensor(1),AFRICAN GIANT SWALLOWTAIL
tensor(48),ORCHARD SWALLOW
tensor(1),VICEROY
tensor(22),CRECENT
tensor(61),RED SPOTTED PURPLE
tensor(23),CRECENT
tensor(3),DANAID EGGFLY
tensor(47),MESTRA
tensor(51),VICEROY
tensor(60),MALACHITE
tensor(15),CHECQUERED SKIPPER
tensor(45),MOURNING CLOAK
tensor(15),CHECQUERED SKIPPER
tensor(22),GREY HAIRSTREAK
tensor(64),SLEEPY ORANGE
tensor(40),TWO BARRED FLASHER
tensor(2),BANDED ORANGE HELICONIAN
tensor(73),ATALA
tensor(15),IPHICLUS SISTER
tensor(71),VICEROY
tensor(23),VICEROY
tensor(36),ZEBRA LONG WING
tensor(26),EASTERN COMA
tensor(11),ATALA
tensor(15),MALACHITE
tensor(69),ATALA
tensor(68),EASTERN PINE ELFIN
tensor(26),EASTERN COMA
tensor(53),PIPEVINE SWALLOW
tensor(65),CHESTNUT
tensor(24),CRIMSON PATCH
tensor(42),METALMARK
tensor(50),PAPER KITE
tensor(73),YELLOW SWALLOW TAIL
tensor(65),EASTERN COMA
tensor(6),JULIA
tensor(28),EASTERN PINE ELFIN
tensor(34),GREY HAIRSTREAK
tensor(7),BANDED PEACOCK
tensor(52),PINE WHITE
tensor(63),MONARCH
tensor(21),BANDED ORANGE HELICONIAN
tensor(30),GOLD BANDED
tensor(41),DANAID EGGFLY
tensor(58),RED ADMIRAL
tensor(45),MOURNING CLOAK
tensor(27),EASTERN DAPPLE WHITE
tensor(54),MANGROVE SKIPPER
tensor(58),SOOTYWING
tensor(3),AN 88
tensor(57),MONARCH
tensor(43),MILBERTS TORTOISESHELL
tensor(56),WOOD SATYR
tensor(29),ELBOWED PIERROT
tensor(11),MANGROVE SKIPPER
tensor(62),SCARCE SWALLOW
tensor(50),GREY HAIRSTREAK
tensor(66),SLEEPY ORANGE
tensor(6),EASTERN COMA
tensor(45),MOURNING CLOAK
tensor(36),CAIRNS BIRDWING
tensor(48),GREAT JAY
tensor(52),LARGE MARBLE
tensor(20),EASTERN PINE ELFIN
tensor(7),IPHICLUS SISTER
tensor(11),BLUE SPOTTED CROW
tensor(2),AMERICAN SNOOT
tensor(22),AN 88
tensor(59),RED POSTMAN
tensor(34),GREY HAIRSTREAK
tensor(62),PAINTED LADY
tensor(49),PAINTED LADY
tensor(48),MANGROVE SKIPPER
tensor(64),JULIA
tensor(37),JULIA
tensor(5),ATALA
tensor(37),BANDED ORANGE HELICONIAN
tensor(16),MANGROVE SKIPPER
tensor(11),MOURNING CLOAK
tensor(1),SCARCE SWALLOW
tensor(50),CHECQUERED SKIPPER
tensor(44),PAINTED LADY
tensor(61),MANGROVE SKIPPER
tensor(5),METALMARK
tensor(37),JULIA
tensor(56),WOOD SATYR
tensor(7),BANDED PEACOCK
tensor(8),PINE WHITE
tensor(20),MOURNING CLOAK
tensor(43),RED ADMIRAL
tensor(53),PIPEVINE SWALLOW
tensor(23),BANDED ORANGE HELICONIAN
tensor(5),ATALA
tensor(51),PEACOCK
tensor(14),RED CRACKER
tensor(6),STRAITED QUEEN
tensor(45),MOURNING CLOAK
tensor(65),RED ADMIRAL
tensor(39),CHECQUERED SKIPPER
tensor(32),ELBOWED PIERROT
tensor(3),VICEROY
tensor(6),BANDED ORANGE HELICONIAN
tensor(1),AFRICAN GIANT SWALLOWTAIL
tensor(13),CABBAGE WHITE
tensor(19),JULIA
tensor(68),GREAT JAY
tensor(70),ULYSES
tensor(40),MANGROVE SKIPPER
tensor(34),GREY HAIRSTREAK
tensor(71),VICEROY
tensor(16),IPHICLUS SISTER
tensor(67),CHECQUERED SKIPPER
tensor(29),ELBOWED PIERROT
tensor(52),ZEBRA LONG WING
tensor(15),BANDED ORANGE HELICONIAN
tensor(16),MOURNING CLOAK
tensor(9),BLACK HAIRSTREAK
tensor(30),CHECQUERED SKIPPER
tensor(9),EASTERN PINE ELFIN
tensor(58),SOOTYWING
tensor(11),STRAITED QUEEN
tensor(18),PINE WHITE
tensor(52),SCARCE SWALLOW
tensor(59),RED CRACKER
tensor(67),PEACOCK
tensor(7),BANDED PEACOCK
tensor(68),CLEOPATRA
tensor(10),METALMARK
tensor(23),CRECENT
tensor(27),MALACHITE
tensor(36),BANDED PEACOCK
tensor(58),SOOTYWING
tensor(12),MOURNING CLOAK
tensor(28),CHECQUERED SKIPPER
tensor(25),DANAID EGGFLY
tensor(28),EASTERN PINE ELFIN
tensor(26),JULIA
tensor(68),GREY HAIRSTREAK
tensor(59),INDRA SWALLOW
tensor(44),MALACHITE
tensor(24),CRIMSON PATCH
tensor(32),GREAT JAY
tensor(70),ULYSES
tensor(25),ATALA
tensor(41),CHECQUERED SKIPPER
tensor(59),RED CRACKER
tensor(42),METALMARK
tensor(17),EASTERN PINE ELFIN
tensor(23),VICEROY
tensor(43),MILBERTS TORTOISESHELL
tensor(4),PAPER KITE
tensor(37),MALACHITE
tensor(54),POPINJAY
tensor(22),MONARCH
tensor(67),STRAITED QUEEN
tensor(2),STRAITED QUEEN
tensor(69),TWO BARRED FLASHER
tensor(2),SLEEPY ORANGE
tensor(52),PINE WHITE
tensor(7),BANDED PEACOCK
tensor(23),CRECENT
tensor(38),LARGE MARBLE
tensor(57),EASTERN COMA
tensor(60),MOURNING CLOAK
tensor(55),METALMARK
tensor(13),CABBAGE WHITE
tensor(54),POPINJAY
tensor(46),CHESTNUT
tensor(28),PEACOCK
tensor(59),RED CRACKER
tensor(3),AN 88
tensor(42),METALMARK
tensor(31),ZEBRA LONG WING
tensor(1),AFRICAN GIANT SWALLOWTAIL
tensor(28),EASTERN PINE ELFIN
tensor(21),PAINTED LADY
tensor(56),CRIMSON PATCH
tensor(10),METALMARK
tensor(46),CHECQUERED SKIPPER
tensor(34),GREY HAIRSTREAK
tensor(54),RED CRACKER
tensor(17),CABBAGE WHITE
tensor(61),RED SPOTTED PURPLE
tensor(19),CLOUDED SULPHUR
tensor(6),BANDED ORANGE HELICONIAN
tensor(57),STRAITED QUEEN
tensor(37),JULIA
tensor(59),RED CRACKER
tensor(0),ADONIS
tensor(58),RED ADMIRAL
tensor(52),APPOLLO
tensor(57),EASTERN COMA
tensor(13),CABBAGE WHITE
tensor(66),MALACHITE
tensor(0),ADONIS
tensor(44),PAINTED LADY
tensor(3),PAPER KITE
tensor(47),ORANGE TIP
tensor(21),PAINTED LADY
tensor(29),ELBOWED PIERROT
tensor(6),JULIA
tensor(59),RED CRACKER
tensor(37),JULIA
tensor(56),SLEEPY ORANGE
tensor(67),STRAITED QUEEN
tensor(49),VICEROY
tensor(34),CABBAGE WHITE
tensor(11),CHECQUERED SKIPPER
tensor(55),POPINJAY
tensor(63),ATALA
tensor(36),IPHICLUS SISTER
tensor(71),MONARCH
tensor(14),INDRA SWALLOW
tensor(47),ORANGE TIP
tensor(10),PAINTED LADY
tensor(27),EASTERN DAPPLE WHITE
tensor(3),AN 88
tensor(31),SOOTYWING
tensor(10),ZEBRA LONG WING
tensor(62),AMERICAN SNOOT
tensor(14),BLUE SPOTTED CROW
tensor(29),ELBOWED PIERROT
tensor(27),EASTERN DAPPLE WHITE
tensor(24),EASTERN PINE ELFIN
tensor(14),CAIRNS BIRDWING
tensor(9),BLACK HAIRSTREAK
tensor(36),IPHICLUS SISTER
tensor(23),CRECENT
tensor(30),GOLD BANDED
tensor(71),STRAITED QUEEN
tensor(71),PEACOCK
tensor(23),CRECENT
tensor(14),ORCHARD SWALLOW
tensor(32),SILVER SPOT SKIPPER
tensor(51),PEACOCK
tensor(48),DANAID EGGFLY
tensor(23),AMERICAN SNOOT
tensor(15),CHECQUERED SKIPPER
tensor(15),ZEBRA LONG WING
tensor(68),COMMON BANDED AWL
tensor(38),LARGE MARBLE
tensor(6),BANDED ORANGE HELICONIAN
tensor(46),PAINTED LADY
tensor(50),CHESTNUT
tensor(7),BANDED PEACOCK
tensor(45),MOURNING CLOAK
tensor(64),SLEEPY ORANGE
tensor(44),MONARCH
tensor(19),SLEEPY ORANGE
tensor(25),DANAID EGGFLY
tensor(55),PURPLE HAIRSTREAK
tensor(67),DANAID EGGFLY
tensor(33),GREEN CELLED CATTLEHEART
tensor(7),CHECQUERED SKIPPER
tensor(27),SCARCE SWALLOW
tensor(69),ATALA
tensor(0),ADONIS
tensor(44),SILVER SPOT SKIPPER
tensor(25),DANAID EGGFLY
tensor(7),BANDED PEACOCK
tensor(17),SLEEPY ORANGE
tensor(7),CAIRNS BIRDWING
tensor(30),AMERICAN SNOOT
tensor(31),IPHICLUS SISTER
tensor(70),ULYSES
tensor(68),TROPICAL LEAFWING
tensor(61),APPOLLO
tensor(68),CLOUDED SULPHUR
tensor(17),SLEEPY ORANGE
tensor(1),PAINTED LADY
tensor(8),LARGE MARBLE
tensor(51),EASTERN COMA
tensor(46),RED CRACKER
tensor(8),LARGE MARBLE
tensor(22),AN 88
tensor(57),EASTERN COMA
tensor(10),BLUE MORPHO
tensor(33),GREEN CELLED CATTLEHEART
tensor(72),AN 88
tensor(38),LARGE MARBLE
tensor(73),SCARCE SWALLOW
tensor(22),CABBAGE WHITE
tensor(30),CHESTNUT
tensor(36),IPHICLUS SISTER
tensor(10),PURPLE HAIRSTREAK
tensor(22),CHECQUERED SKIPPER
tensor(17),SLEEPY ORANGE
tensor(27),EASTERN DAPPLE WHITE
tensor(57),RED CRACKER
tensor(73),MALACHITE
tensor(67),COMMON BANDED AWL
tensor(54),POPINJAY
tensor(15),CHECQUERED SKIPPER
tensor(22),EASTERN COMA
tensor(55),PURPLE HAIRSTREAK
tensor(0),RED CRACKER
tensor(64),SLEEPY ORANGE
tensor(2),AMERICAN SNOOT
tensor(23),CRECENT
tensor(10),BLUE MORPHO
tensor(32),GREAT JAY
tensor(3),AN 88
tensor(58),CRIMSON PATCH
tensor(35),INDRA SWALLOW
tensor(48),BLUE SPOTTED CROW
tensor(65),PURPLISH COPPER
tensor(15),MANGROVE SKIPPER
tensor(30),APPOLLO
tensor(48),GREAT EGGFLY
tensor(23),EASTERN COMA
tensor(33),GREEN CELLED CATTLEHEART
tensor(60),PEACOCK
tensor(58),RED ADMIRAL
tensor(7),BANDED PEACOCK
tensor(32),GREAT JAY
tensor(39),CRECENT
tensor(70),ULYSES
tensor(2),PAINTED LADY
tensor(55),METALMARK
tensor(41),MESTRA
tensor(1),AFRICAN GIANT SWALLOWTAIL
tensor(63),MOURNING CLOAK
tensor(40),EASTERN PINE ELFIN
tensor(15),CHECQUERED SKIPPER
tensor(65),MOURNING CLOAK
tensor(47),ORANGE TIP
tensor(22),APPOLLO
tensor(9),BLACK HAIRSTREAK
tensor(2),PAPER KITE
tensor(73),SCARCE SWALLOW
tensor(16),CHESTNUT
tensor(69),RED CRACKER
tensor(65),ATALA
tensor(41),CLOUDED SULPHUR
tensor(63),MALACHITE
tensor(15),BLACK HAIRSTREAK
tensor(68),TROPICAL LEAFWING
tensor(40),MANGROVE SKIPPER
tensor(70),ULYSES
tensor(50),ELBOWED PIERROT
tensor(54),POPINJAY
tensor(9),BLACK HAIRSTREAK
tensor(62),SCARCE SWALLOW
tensor(18),LARGE MARBLE
tensor(42),BANDED PEACOCK
tensor(17),CLOUDED SULPHUR
tensor(47),CABBAGE WHITE
tensor(44),STRAITED QUEEN
tensor(27),EASTERN DAPPLE WHITE
tensor(20),PAPER KITE
tensor(6),SLEEPY ORANGE
tensor(48),POPINJAY
tensor(60),RED POSTMAN
tensor(16),CHESTNUT
tensor(13),CABBAGE WHITE
tensor(6),STRAITED QUEEN
tensor(47),CLEOPATRA
tensor(18),SCARCE SWALLOW
tensor(23),CRECENT
tensor(2),SLEEPY ORANGE
tensor(25),MONARCH
tensor(48),ORCHARD SWALLOW
tensor(59),RED CRACKER
tensor(8),SOUTHERN DOGFACE
tensor(37),BANDED ORANGE HELICONIAN
tensor(20),BLACK HAIRSTREAK
tensor(45),MOURNING CLOAK
tensor(16),SCARCE SWALLOW
tensor(51),PEACOCK
tensor(45),BANDED ORANGE HELICONIAN
tensor(15),CHECQUERED SKIPPER
tensor(46),MANGROVE SKIPPER
tensor(67),STRAITED QUEEN
tensor(50),CABBAGE WHITE
tensor(19),SLEEPY ORANGE
tensor(0),ADONIS
tensor(17),PAINTED LADY
tensor(37),JULIA
tensor(20),GREEN CELLED CATTLEHEART
tensor(48),YELLOW SWALLOW TAIL
tensor(10),BLUE MORPHO
tensor(9),PAINTED LADY
tensor(51),PEACOCK
tensor(67),STRAITED QUEEN
tensor(30),APPOLLO
tensor(1),AFRICAN GIANT SWALLOWTAIL
tensor(25),VICEROY
tensor(60),BROWN SIPROETA
tensor(43),ATALA
tensor(59),RED CRACKER
tensor(37),JULIA
tensor(28),PEACOCK
tensor(33),GREEN CELLED CATTLEHEART
tensor(42),INDRA SWALLOW
tensor(10),MOURNING CLOAK
tensor(44),MONARCH
tensor(56),EASTERN COMA
tensor(70),ULYSES
tensor(11),SOOTYWING
tensor(26),EASTERN COMA
tensor(28),EASTERN COMA
tensor(42),RED CRACKER
tensor(23),CRECENT
tensor(60),RED POSTMAN
tensor(16),CHESTNUT
tensor(29),ELBOWED PIERROT
tensor(51),PEACOCK
tensor(58),ATALA
tensor(17),CLEOPATRA
tensor(33),CHESTNUT
tensor(60),CHECQUERED SKIPPER
tensor(8),APPOLLO
tensor(38),LARGE MARBLE
tensor(17),SLEEPY ORANGE
tensor(52),PINE WHITE
tensor(68),MOURNING CLOAK
tensor(34),SCARCE SWALLOW
tensor(27),EASTERN DAPPLE WHITE
tensor(28),CLEOPATRA
tensor(0),ADONIS
tensor(62),SCARCE SWALLOW
tensor(69),TWO BARRED FLASHER
tensor(20),LARGE MARBLE
tensor(12),BROWN SIPROETA
tensor(41),EASTERN DAPPLE WHITE
tensor(26),EASTERN COMA
tensor(13),ELBOWED PIERROT
tensor(33),GREEN CELLED CATTLEHEART
tensor(62),SCARCE SWALLOW
tensor(71),PAINTED LADY
tensor(32),GREAT JAY
tensor(11),BLUE SPOTTED CROW
tensor(62),SCARCE SWALLOW
tensor(51),EASTERN COMA
tensor(29),SILVER SPOT SKIPPER
tensor(29),ELBOWED PIERROT
tensor(37),SLEEPY ORANGE
tensor(64),SLEEPY ORANGE
tensor(17),DANAID EGGFLY
tensor(20),MESTRA
tensor(9),PAINTED LADY
tensor(15),BLACK HAIRSTREAK
tensor(61),ATALA
tensor(22),EASTERN COMA
tensor(0),ADONIS
tensor(31),SOOTYWING
tensor(47),ORANGE TIP
tensor(34),RED CRACKER
tensor(63),COMMON WOOD-NYMPH
tensor(15),CRECENT
tensor(36),IPHICLUS SISTER
tensor(68),TROPICAL LEAFWING
tensor(74),COMMON WOOD-NYMPH
tensor(44),VICEROY
tensor(49),PAINTED LADY
tensor(32),GREAT JAY
tensor(74),ZEBRA LONG WING
tensor(46),PAINTED LADY
tensor(5),ATALA
tensor(16),PURPLE HAIRSTREAK
tensor(59),RED CRACKER
tensor(53),ULYSES
tensor(21),QUESTION MARK
tensor(14),ATALA
tensor(0),CLOUDED SULPHUR
tensor(73),SCARCE SWALLOW
tensor(40),MANGROVE SKIPPER
tensor(73),YELLOW SWALLOW TAIL
tensor(4),PEACOCK
tensor(69),METALMARK
tensor(29),ELBOWED PIERROT
tensor(13),MESTRA
tensor(14),GREAT JAY
tensor(45),MOURNING CLOAK
tensor(50),APPOLLO
tensor(51),JULIA
tensor(33),GREEN CELLED CATTLEHEART
tensor(23),VICEROY
tensor(71),BANDED ORANGE HELICONIAN
tensor(13),CABBAGE WHITE
tensor(18),SCARCE SWALLOW
tensor(50),GREY HAIRSTREAK
tensor(36),IPHICLUS SISTER
tensor(62),ELBOWED PIERROT
tensor(55),BLACK HAIRSTREAK
tensor(11),CAIRNS BIRDWING
tensor(24),CRIMSON PATCH
tensor(27),EASTERN DAPPLE WHITE
tensor(49),PAINTED LADY
tensor(23),YELLOW SWALLOW TAIL
tensor(34),APPOLLO
tensor(15),AN 88
tensor(36),GREAT JAY
tensor(57),JULIA
tensor(32),ORCHARD SWALLOW
tensor(8),CLEOPATRA
tensor(66),CLOUDED SULPHUR
tensor(47),ORANGE TIP
tensor(57),JULIA
tensor(20),RED POSTMAN
tensor(42),MANGROVE SKIPPER
tensor(42),METALMARK
tensor(54),GOLD BANDED
tensor(40),MANGROVE SKIPPER
tensor(65),BROWN SIPROETA
tensor(20),JULIA
tensor(58),RED ADMIRAL
tensor(17),CLEOPATRA
tensor(71),PAINTED LADY
tensor(53),PIPEVINE SWALLOW
tensor(41),APPOLLO
tensor(56),PURPLISH COPPER
tensor(72),WOOD SATYR
tensor(33),GREEN CELLED CATTLEHEART
tensor(23),STRAITED QUEEN
tensor(23),PAINTED LADY
tensor(6),EASTERN COMA
tensor(33),SOOTYWING
tensor(55),ATALA
tensor(18),APPOLLO
tensor(73),YELLOW SWALLOW TAIL
tensor(72),EASTERN COMA
tensor(49),AMERICAN SNOOT
tensor(19),CLOUDED SULPHUR
tensor(28),PAINTED LADY
tensor(65),CHECQUERED SKIPPER
tensor(1),AFRICAN GIANT SWALLOWTAIL
tensor(25),SOOTYWING
tensor(28),EASTERN PINE ELFIN
tensor(45),MOURNING CLOAK
tensor(54),POPINJAY
tensor(53),BROWN SIPROETA
tensor(66),CLEOPATRA
tensor(18),APPOLLO
tensor(51),PEACOCK
tensor(21),PAINTED LADY
tensor(13),CABBAGE WHITE
tensor(50),CLODIUS PARNASSIAN
tensor(62),SCARCE SWALLOW
tensor(39),LARGE MARBLE
tensor(23),CRECENT
tensor(38),CABBAGE WHITE
tensor(25),DANAID EGGFLY
tensor(71),MILBERTS TORTOISESHELL
tensor(12),BROWN SIPROETA
tensor(52),AN 88
tensor(13),BECKERS WHITE
tensor(65),PAINTED LADY
tensor(22),SLEEPY ORANGE
tensor(73),ELBOWED PIERROT
tensor(63),STRAITED QUEEN
tensor(33),ZEBRA LONG WING
tensor(7),BANDED PEACOCK
tensor(34),GREY HAIRSTREAK
tensor(28),ELBOWED PIERROT
tensor(21),CHECQUERED SKIPPER
tensor(37),JULIA
tensor(69),ATALA
tensor(44),STRAITED QUEEN
tensor(19),SLEEPY ORANGE
tensor(24),CRIMSON PATCH
tensor(46),COPPER TAIL
tensor(61),POPINJAY
tensor(4),APPOLLO
tensor(15),CHECQUERED SKIPPER
tensor(51),CHECQUERED SKIPPER
tensor(15),CHECQUERED SKIPPER
tensor(17),SOUTHERN DOGFACE
tensor(70),RED CRACKER
tensor(71),VICEROY
tensor(62),SCARCE SWALLOW
tensor(4),APPOLLO
tensor(60),ZEBRA LONG WING
tensor(60),CHECQUERED SKIPPER
tensor(54),POPINJAY
tensor(26),SOOTYWING
tensor(69),CHECQUERED SKIPPER
tensor(68),SLEEPY ORANGE
tensor(69),MALACHITE
tensor(66),CLOUDED SULPHUR
tensor(1),AFRICAN GIANT SWALLOWTAIL
tensor(17),SLEEPY ORANGE
tensor(36),IPHICLUS SISTER
tensor(43),MANGROVE SKIPPER
tensor(18),ELBOWED PIERROT
tensor(64),SLEEPY ORANGE
tensor(17),SLEEPY ORANGE
tensor(12),ZEBRA LONG WING
tensor(59),RED CRACKER
tensor(5),BLUE SPOTTED CROW
tensor(70),ULYSES
tensor(50),CABBAGE WHITE
tensor(38),LARGE MARBLE
tensor(66),CLEOPATRA
tensor(69),PIPEVINE SWALLOW
tensor(26),EASTERN COMA
tensor(19),SLEEPY ORANGE
tensor(51),PEACOCK
tensor(64),SLEEPY ORANGE
tensor(59),ATALA
tensor(38),CABBAGE WHITE
tensor(43),EASTERN COMA
tensor(26),EASTERN COMA
tensor(30),INDRA SWALLOW
tensor(40),POPINJAY
tensor(49),CHECQUERED SKIPPER
tensor(39),MOURNING CLOAK
tensor(67),STRAITED QUEEN
tensor(64),SLEEPY ORANGE
tensor(42),MILBERTS TORTOISESHELL
tensor(43),MILBERTS TORTOISESHELL
tensor(22),COPPER TAIL
tensor(26),EASTERN PINE ELFIN
tensor(60),RED POSTMAN
tensor(34),GREY HAIRSTREAK
tensor(36),RED SPOTTED PURPLE
tensor(42),METALMARK
tensor(1),AFRICAN GIANT SWALLOWTAIL
tensor(16),CHESTNUT
tensor(64),SLEEPY ORANGE
tensor(4),APPOLLO
tensor(58),RED ADMIRAL
tensor(31),CHECQUERED SKIPPER
tensor(2),COPPER TAIL
tensor(2),BLACK HAIRSTREAK
tensor(71),TROPICAL LEAFWING
tensor(48),ORCHARD SWALLOW
tensor(2),SLEEPY ORANGE
tensor(30),BANDED ORANGE HELICONIAN
tensor(62),SCARCE SWALLOW
tensor(4),APPOLLO
tensor(66),SOUTHERN DOGFACE
tensor(14),CAIRNS BIRDWING
tensor(6),PEACOCK
tensor(64),DANAID EGGFLY
tensor(32),IPHICLUS SISTER
tensor(69),TWO BARRED FLASHER
tensor(13),CLEOPATRA
tensor(47),ORANGE TIP
tensor(29),ELBOWED PIERROT
tensor(52),GREY HAIRSTREAK
tensor(35),ORCHARD SWALLOW
tensor(41),APPOLLO
tensor(41),MESTRA
tensor(0),CLOUDED SULPHUR
tensor(21),SLEEPY ORANGE
tensor(31),PURPLE HAIRSTREAK
tensor(50),LARGE MARBLE
tensor(53),PIPEVINE SWALLOW
tensor(56),SOOTYWING
tensor(13),CABBAGE WHITE
tensor(4),APPOLLO
tensor(29),ELBOWED PIERROT
tensor(43),MILBERTS TORTOISESHELL
tensor(49),JULIA
tensor(40),BANDED PEACOCK
tensor(11),STRAITED QUEEN
tensor(70),ULYSES
tensor(22),PAINTED LADY
tensor(43),SOOTYWING
tensor(51),PEACOCK
tensor(22),EASTERN COMA
tensor(58),RED ADMIRAL
tensor(50),AMERICAN SNOOT
tensor(28),EASTERN PINE ELFIN
tensor(63),INDRA SWALLOW
tensor(43),MILBERTS TORTOISESHELL
tensor(12),BROWN SIPROETA
tensor(74),ZEBRA LONG WING
tensor(10),CABBAGE WHITE
tensor(9),BLACK HAIRSTREAK
tensor(26),EASTERN COMA
tensor(54),POPINJAY
tensor(70),ULYSES
tensor(28),EASTERN PINE ELFIN
tensor(64),SLEEPY ORANGE
tensor(45),MOURNING CLOAK
tensor(23),CRECENT
tensor(40),ATALA
tensor(60),RED POSTMAN
tensor(31),POPINJAY
tensor(12),BROWN SIPROETA
tensor(21),BLACK HAIRSTREAK
tensor(38),EASTERN DAPPLE WHITE
tensor(70),ULYSES
tensor(30),BANDED ORANGE HELICONIAN
tensor(17),SLEEPY ORANGE
tensor(39),ELBOWED PIERROT
tensor(24),CRIMSON PATCH
tensor(47),ORANGE TIP
tensor(17),CLEOPATRA
tensor(27),EASTERN DAPPLE WHITE
tensor(71),VICEROY
tensor(5),ATALA
tensor(28),EASTERN PINE ELFIN
tensor(45),MOURNING CLOAK
tensor(56),PAINTED LADY
tensor(57),PAPER KITE
tensor(25),CRECENT
tensor(23),MILBERTS TORTOISESHELL
tensor(50),PAPER KITE
tensor(71),BANDED ORANGE HELICONIAN
tensor(19),SLEEPY ORANGE
tensor(63),MALACHITE
tensor(2),WOOD SATYR
tensor(65),SOOTYWING
tensor(5),ATALA
tensor(74),ZEBRA LONG WING
tensor(10),BLUE MORPHO
tensor(68),PAINTED LADY
tensor(55),ATALA
tensor(20),MESTRA
tensor(68),JULIA
tensor(64),SLEEPY ORANGE
tensor(58),EASTERN PINE ELFIN
tensor(47),ORANGE TIP
tensor(21),MOURNING CLOAK
tensor(24),MOURNING CLOAK
tensor(36),IPHICLUS SISTER
tensor(62),SCARCE SWALLOW
tensor(51),PEACOCK
tensor(1),EASTERN COMA
tensor(68),GREY HAIRSTREAK
tensor(53),PIPEVINE SWALLOW
tensor(28),CHECQUERED SKIPPER
tensor(38),PAINTED LADY
tensor(29),ELBOWED PIERROT
tensor(66),SOUTHERN DOGFACE
tensor(34),GREY HAIRSTREAK
tensor(17),CLEOPATRA
tensor(59),RED CRACKER
tensor(74),CHESTNUT
tensor(69),METALMARK
tensor(56),PURPLISH COPPER
tensor(11),STRAITED QUEEN
tensor(8),SCARCE SWALLOW
tensor(63),RED CRACKER
tensor(2),PAPER KITE
tensor(20),ZEBRA LONG WING
tensor(59),PAINTED LADY
tensor(51),PEACOCK
tensor(39),LARGE MARBLE
tensor(12),BROWN SIPROETA
tensor(16),CHESTNUT
tensor(21),MOURNING CLOAK
tensor(54),POPINJAY
tensor(62),SCARCE SWALLOW
tensor(63),PAINTED LADY
tensor(72),AMERICAN SNOOT
tensor(57),CRECENT
tensor(5),ATALA
tensor(11),CHECQUERED SKIPPER
tensor(0),ADONIS
tensor(55),GREY HAIRSTREAK
tensor(72),ZEBRA LONG WING
tensor(18),CABBAGE WHITE
tensor(29),ELBOWED PIERROT
tensor(72),SLEEPY ORANGE
tensor(0),COPPER TAIL
tensor(50),CHESTNUT
tensor(68),SLEEPY ORANGE
tensor(0),PAINTED LADY
tensor(22),EASTERN COMA
tensor(4),APPOLLO
tensor(40),POPINJAY
tensor(67),VICEROY
tensor(6),ZEBRA LONG WING
tensor(22),COPPER TAIL
tensor(2),SLEEPY ORANGE
tensor(4),APPOLLO
tensor(47),ORANGE TIP
tensor(26),EASTERN COMA
tensor(60),CRIMSON PATCH
tensor(16),MESTRA
tensor(1),CHECQUERED SKIPPER
tensor(65),ATALA
tensor(52),PINE WHITE
tensor(58),CHECQUERED SKIPPER
tensor(25),PAINTED LADY
tensor(73),YELLOW SWALLOW TAIL
tensor(34),GREY HAIRSTREAK
tensor(63),ZEBRA LONG WING
tensor(50),PAPER KITE
tensor(8),BECKERS WHITE
tensor(58),RED ADMIRAL
tensor(14),RED CRACKER
tensor(47),MESTRA
tensor(50),PAPER KITE
tensor(54),POPINJAY
tensor(51),PEACOCK
tensor(74),MANGROVE SKIPPER
tensor(44),CRIMSON PATCH
tensor(29),ELBOWED PIERROT
tensor(67),JULIA
tensor(58),GREEN CELLED CATTLEHEART
tensor(21),COMMON WOOD-NYMPH
tensor(6),EASTERN COMA
tensor(66),CLEOPATRA
tensor(32),PAPER KITE
tensor(18),SLEEPY ORANGE
tensor(22),COPPER TAIL
tensor(5),ATALA
tensor(23),CRECENT
tensor(58),RED ADMIRAL
tensor(7),ATALA
tensor(40),POPINJAY
tensor(53),PIPEVINE SWALLOW
tensor(74),DANAID EGGFLY
tensor(53),MOURNING CLOAK
tensor(25),DANAID EGGFLY
tensor(30),GOLD BANDED
tensor(38),LARGE MARBLE
tensor(59),RED CRACKER
tensor(8),CLEOPATRA
tensor(72),TROPICAL LEAFWING
tensor(14),CAIRNS BIRDWING
tensor(54),POPINJAY
tensor(50),PAPER KITE
tensor(28),EASTERN PINE ELFIN
tensor(44),MONARCH
tensor(33),GREEN CELLED CATTLEHEART
tensor(63),MOURNING CLOAK
tensor(31),MALACHITE
tensor(35),SCARCE SWALLOW
tensor(22),PURPLISH COPPER
tensor(70),ULYSES
tensor(29),SCARCE SWALLOW
tensor(5),GREEN CELLED CATTLEHEART
tensor(32),ELBOWED PIERROT
tensor(14),ATALA
tensor(61),RED SPOTTED PURPLE
tensor(2),EASTERN PINE ELFIN
tensor(38),CLEOPATRA
tensor(5),ATALA
tensor(38),ELBOWED PIERROT
tensor(65),GREEN CELLED CATTLEHEART
tensor(47),ORANGE TIP
tensor(51),PEACOCK
tensor(14),RED CRACKER
tensor(12),ZEBRA LONG WING
tensor(54),GREEN CELLED CATTLEHEART
tensor(28),LARGE MARBLE
tensor(63),ZEBRA LONG WING
tensor(60),PAINTED LADY
tensor(0),ADONIS
tensor(5),ATALA
tensor(60),ZEBRA LONG WING
tensor(45),MOURNING CLOAK
tensor(40),MANGROVE SKIPPER
tensor(29),ELBOWED PIERROT
tensor(64),SLEEPY ORANGE
tensor(31),MOURNING CLOAK
tensor(8),CLEOPATRA
tensor(13),CABBAGE WHITE
tensor(68),SLEEPY ORANGE
tensor(65),RED ADMIRAL
tensor(50),ELBOWED PIERROT
tensor(68),GREY HAIRSTREAK
tensor(14),CAIRNS BIRDWING
tensor(30),CRIMSON PATCH
tensor(59),RED CRACKER
tensor(10),INDRA SWALLOW
tensor(44),MONARCH
tensor(50),EASTERN DAPPLE WHITE
tensor(11),SOOTYWING
tensor(44),MONARCH
tensor(12),EASTERN COMA
tensor(60),RED POSTMAN
tensor(64),SLEEPY ORANGE
tensor(23),SLEEPY ORANGE
tensor(12),MILBERTS TORTOISESHELL
tensor(25),DANAID EGGFLY
tensor(57),EASTERN PINE ELFIN
tensor(5),SOOTYWING
tensor(60),IPHICLUS SISTER
tensor(47),ORANGE TIP
tensor(60),RED POSTMAN
tensor(16),CHESTNUT
tensor(4),APPOLLO
tensor(54),GREEN CELLED CATTLEHEART
tensor(41),EASTERN DAPPLE WHITE
tensor(18),MESTRA
tensor(0),ADONIS
tensor(71),VICEROY
tensor(12),EASTERN COMA
tensor(37),SLEEPY ORANGE
tensor(13),CABBAGE WHITE
tensor(23),CRECENT
tensor(45),MOURNING CLOAK
tensor(52),PINE WHITE
tensor(7),BANDED PEACOCK
tensor(29),CLODIUS PARNASSIAN
tensor(61),SOOTYWING
tensor(40),POPINJAY
tensor(11),IPHICLUS SISTER
tensor(54),POPINJAY
tensor(36),IPHICLUS SISTER
tensor(28),RED CRACKER
tensor(6),BANDED ORANGE HELICONIAN
tensor(16),ZEBRA LONG WING
tensor(63),SILVER SPOT SKIPPER
tensor(52),PINE WHITE
tensor(43),MOURNING CLOAK
tensor(18),EASTERN DAPPLE WHITE
tensor(27),LARGE MARBLE
tensor(24),CRIMSON PATCH
tensor(66),PAINTED LADY
tensor(32),GREAT JAY
tensor(68),AN 88
tensor(69),TWO BARRED FLASHER
tensor(50),GREY HAIRSTREAK
tensor(47),ORANGE TIP
tensor(32),GREY HAIRSTREAK
tensor(5),ATALA
tensor(60),RED POSTMAN
tensor(31),GREAT JAY
tensor(25),ATALA
tensor(59),RED CRACKER
tensor(59),RED CRACKER
tensor(68),DANAID EGGFLY
tensor(13),GREY HAIRSTREAK
tensor(2),SLEEPY ORANGE
tensor(49),PAINTED LADY
tensor(43),MANGROVE SKIPPER
tensor(61),METALMARK
tensor(30),GOLD BANDED
tensor(12),JULIA
tensor(24),CRIMSON PATCH
tensor(0),ADONIS
tensor(48),ORCHARD SWALLOW
tensor(13),CABBAGE WHITE
tensor(46),STRAITED QUEEN
tensor(40),PIPEVINE SWALLOW
tensor(56),MALACHITE
tensor(62),SCARCE SWALLOW
tensor(37),STRAITED QUEEN
tensor(72),STRAITED QUEEN
tensor(36),IPHICLUS SISTER
tensor(45),MOURNING CLOAK
tensor(70),ULYSES
tensor(67),STRAITED QUEEN
tensor(61),METALMARK
tensor(70),ULYSES
tensor(61),POPINJAY
tensor(71),CHECQUERED SKIPPER
tensor(60),RED POSTMAN
tensor(49),MALACHITE
tensor(39),MOURNING CLOAK
tensor(41),MESTRA
tensor(56),AFRICAN GIANT SWALLOWTAIL
tensor(73),YELLOW SWALLOW TAIL
tensor(72),WOOD SATYR
tensor(16),GREY HAIRSTREAK
tensor(68),PAINTED LADY
tensor(65),PAINTED LADY
tensor(61),RED SPOTTED PURPLE
tensor(72),WOOD SATYR
tensor(18),APPOLLO
tensor(14),CAIRNS BIRDWING
tensor(54),POPINJAY
tensor(54),POPINJAY
tensor(53),PIPEVINE SWALLOW
tensor(62),SCARCE SWALLOW
tensor(42),METALMARK
tensor(47),ORANGE TIP
tensor(29),APPOLLO
tensor(12),BROWN SIPROETA
tensor(11),INDRA SWALLOW
tensor(48),ORCHARD SWALLOW
tensor(51),PEACOCK
tensor(45),ATALA
tensor(50),PAINTED LADY
tensor(13),CABBAGE WHITE
tensor(10),BLUE MORPHO
tensor(0),ADONIS
tensor(44),DANAID EGGFLY
tensor(52),PINE WHITE
tensor(33),YELLOW SWALLOW TAIL
tensor(19),CLEOPATRA
tensor(4),APPOLLO
tensor(34),GREY HAIRSTREAK
tensor(19),CLOUDED SULPHUR
tensor(7),BANDED PEACOCK
tensor(67),JULIA
tensor(68),MONARCH
tensor(14),RED CRACKER
tensor(22),GREY HAIRSTREAK
tensor(36),IPHICLUS SISTER
tensor(19),MALACHITE
tensor(50),GREY HAIRSTREAK
tensor(64),SLEEPY ORANGE
tensor(57),BANDED ORANGE HELICONIAN
tensor(11),MANGROVE SKIPPER
tensor(66),CLEOPATRA
tensor(17),SOUTHERN DOGFACE
tensor(16),CHESTNUT
tensor(45),MOURNING CLOAK
tensor(17),CLEOPATRA
tensor(34),AN 88
tensor(46),ORANGE TIP
tensor(57),BANDED ORANGE HELICONIAN
tensor(40),MANGROVE SKIPPER
tensor(49),CHECQUERED SKIPPER
tensor(12),BROWN SIPROETA
tensor(14),IPHICLUS SISTER
tensor(45),BROWN SIPROETA
tensor(61),RED CRACKER
tensor(17),SLEEPY ORANGE
tensor(60),RED POSTMAN
tensor(12),BROWN SIPROETA
tensor(15),CRECENT
tensor(17),LARGE MARBLE
tensor(27),EASTERN DAPPLE WHITE
tensor(20),ELBOWED PIERROT
tensor(40),MANGROVE SKIPPER
tensor(33),GREEN CELLED CATTLEHEART
tensor(71),CRECENT
tensor(56),PAINTED LADY
tensor(64),CLEOPATRA
tensor(44),MONARCH
tensor(53),ZEBRA LONG WING
tensor(15),CRECENT
tensor(72),GREY HAIRSTREAK
tensor(62),YELLOW SWALLOW TAIL
tensor(14),CAIRNS BIRDWING
tensor(23),CRECENT
tensor(52),PINE WHITE
tensor(28),MOURNING CLOAK
tensor(30),EASTERN PINE ELFIN
tensor(11),SOOTYWING
tensor(5),ATALA
tensor(58),RED ADMIRAL
tensor(36),ORCHARD SWALLOW
tensor(51),CHECQUERED SKIPPER
tensor(67),CLOUDED SULPHUR
tensor(29),ELBOWED PIERROT
tensor(10),POPINJAY
tensor(65),MANGROVE SKIPPER
tensor(55),POPINJAY
tensor(5),ATALA
tensor(20),SCARCE SWALLOW
tensor(4),APPOLLO
tensor(71),PAINTED LADY
tensor(4),APPOLLO
tensor(68),MOURNING CLOAK
tensor(22),BANDED ORANGE HELICONIAN
tensor(15),MILBERTS TORTOISESHELL
tensor(42),METALMARK
tensor(71),JULIA
tensor(47),ORANGE TIP
tensor(46),RED SPOTTED PURPLE
tensor(37),SLEEPY ORANGE
tensor(53),PIPEVINE SWALLOW
tensor(71),VICEROY
tensor(25),DANAID EGGFLY
tensor(24),CRIMSON PATCH
tensor(21),MILBERTS TORTOISESHELL
tensor(33),MOURNING CLOAK
tensor(32),CHECQUERED SKIPPER
tensor(67),STRAITED QUEEN
tensor(40),MANGROVE SKIPPER
tensor(19),SLEEPY ORANGE
tensor(71),PAINTED LADY
tensor(52),BECKERS WHITE
tensor(58),WOOD SATYR
tensor(27),CLEOPATRA
tensor(17),ORANGE TIP
tensor(39),WOOD SATYR
tensor(37),JULIA
tensor(5),RED SPOTTED PURPLE
tensor(68),BANDED ORANGE HELICONIAN
tensor(22),SLEEPY ORANGE
tensor(60),RED POSTMAN
tensor(21),COMMON WOOD-NYMPH
tensor(23),EASTERN COMA
tensor(3),AN 88
tensor(5),MANGROVE SKIPPER
tensor(68),JULIA
tensor(9),BLACK HAIRSTREAK
tensor(0),ADONIS
tensor(28),CRECENT
tensor(26),CRECENT
tensor(12),RED ADMIRAL
tensor(36),IPHICLUS SISTER
tensor(12),MOURNING CLOAK
tensor(37),PAINTED LADY
tensor(71),STRAITED QUEEN
tensor(55),CLODIUS PARNASSIAN
tensor(45),MOURNING CLOAK
tensor(73),SOUTHERN DOGFACE
tensor(31),BLUE SPOTTED CROW
tensor(44),MONARCH
tensor(30),RED POSTMAN
tensor(10),ADONIS
tensor(26),SLEEPY ORANGE
tensor(23),CRECENT
tensor(70),ULYSES
tensor(41),MESTRA
tensor(16),EASTERN PINE ELFIN
tensor(74),MANGROVE SKIPPER
tensor(48),GREAT JAY
tensor(51),EASTERN COMA
tensor(64),PAINTED LADY
tensor(19),EASTERN COMA
tensor(43),MILBERTS TORTOISESHELL
tensor(40),ULYSES
tensor(31),CHECQUERED SKIPPER
tensor(57),QUESTION MARK
tensor(35),GREY HAIRSTREAK
tensor(11),MILBERTS TORTOISESHELL
tensor(47),ORANGE TIP
tensor(21),BLACK HAIRSTREAK
tensor(21),EASTERN PINE ELFIN
tensor(9),CRECENT
tensor(7),BANDED PEACOCK
tensor(8),BECKERS WHITE
tensor(27),EASTERN DAPPLE WHITE
tensor(36),IPHICLUS SISTER
tensor(41),MESTRA
tensor(64),SLEEPY ORANGE
tensor(60),RED POSTMAN
tensor(37),JULIA
tensor(21),EASTERN PINE ELFIN
tensor(63),SILVER SPOT SKIPPER
tensor(69),MOURNING CLOAK
tensor(32),GREAT JAY
tensor(40),POPINJAY
tensor(35),ATALA
tensor(41),MESTRA
tensor(17),CLOUDED SULPHUR
tensor(15),SLEEPY ORANGE
tensor(50),CLODIUS PARNASSIAN
tensor(36),IPHICLUS SISTER
tensor(4),MESTRA
tensor(7),CAIRNS BIRDWING
tensor(4),APPOLLO
tensor(59),RED CRACKER
tensor(10),PAINTED LADY
tensor(40),RED CRACKER
tensor(68),TROPICAL LEAFWING
tensor(17),CLEOPATRA
tensor(60),GREEN CELLED CATTLEHEART
tensor(18),SCARCE SWALLOW
tensor(31),RED CRACKER
tensor(61),PIPEVINE SWALLOW
tensor(4),APPOLLO
tensor(57),QUESTION MARK
tensor(20),ZEBRA LONG WING
tensor(62),SCARCE SWALLOW
tensor(72),COMMON WOOD-NYMPH
tensor(20),PAINTED LADY
tensor(40),ORCHARD SWALLOW
tensor(19),SLEEPY ORANGE
tensor(5),ATALA
tensor(25),ELBOWED PIERROT
tensor(71),CHECQUERED SKIPPER
tensor(34),WOOD SATYR
tensor(42),MANGROVE SKIPPER
tensor(73),VICEROY
tensor(12),BROWN SIPROETA
tensor(72),CHECQUERED SKIPPER
tensor(42),METALMARK
tensor(69),TWO BARRED FLASHER
tensor(7),BANDED PEACOCK
tensor(46),BROWN SIPROETA
tensor(53),RED CRACKER
tensor(0),ADONIS
tensor(50),GREY HAIRSTREAK
tensor(18),MESTRA
tensor(21),MOURNING CLOAK
tensor(72),WOOD SATYR
tensor(9),BLACK HAIRSTREAK
tensor(30),EASTERN PINE ELFIN
tensor(15),PAINTED LADY
tensor(72),WOOD SATYR
tensor(70),ULYSES
tensor(73),YELLOW SWALLOW TAIL
tensor(35),BANDED PEACOCK
tensor(35),ATALA
tensor(33),CHESTNUT
tensor(35),INDRA SWALLOW
tensor(1),AN 88
tensor(33),ATALA
tensor(1),CRECENT
tensor(9),BLACK HAIRSTREAK
tensor(23),SLEEPY ORANGE
tensor(59),ADONIS
tensor(63),SILVER SPOT SKIPPER
tensor(23),CRECENT
tensor(15),MALACHITE
tensor(23),CRECENT
tensor(18),PAPER KITE
tensor(51),PEACOCK
tensor(71),SLEEPY ORANGE
tensor(26),CRECENT
tensor(42),MANGROVE SKIPPER
tensor(15),RED POSTMAN
tensor(13),MESTRA
tensor(46),ORANGE OAKLEAF
tensor(63),SOOTYWING
tensor(1),AFRICAN GIANT SWALLOWTAIL
tensor(68),PAINTED LADY
tensor(73),EASTERN PINE ELFIN
tensor(73),SCARCE SWALLOW
tensor(0),GREY HAIRSTREAK
tensor(52),EASTERN DAPPLE WHITE
tensor(58),RED ADMIRAL
tensor(66),CLOUDED SULPHUR
tensor(62),SCARCE SWALLOW
tensor(32),GREAT JAY
tensor(46),CHESTNUT
tensor(34),PAPER KITE
tensor(42),INDRA SWALLOW
tensor(10),BLUE MORPHO
tensor(50),AN 88
tensor(48),INDRA SWALLOW
tensor(30),GOLD BANDED
tensor(34),MESTRA
tensor(64),SLEEPY ORANGE
tensor(70),ULYSES
tensor(46),ORANGE OAKLEAF
tensor(63),PURPLISH COPPER
tensor(59),RED CRACKER
tensor(66),SOUTHERN DOGFACE
tensor(49),PAINTED LADY
tensor(7),ULYSES
tensor(38),EASTERN DAPPLE WHITE
tensor(63),VICEROY
tensor(39),BLACK HAIRSTREAK
tensor(36),IPHICLUS SISTER
tensor(19),SOUTHERN DOGFACE
tensor(33),GREEN CELLED CATTLEHEART
tensor(7),CHECQUERED SKIPPER
tensor(58),ATALA
tensor(20),PAINTED LADY
tensor(9),CLOUDED SULPHUR
tensor(39),CHECQUERED SKIPPER
tensor(63),SILVER SPOT SKIPPER
tensor(53),MOURNING CLOAK
tensor(37),CRECENT
tensor(15),MONARCH
tensor(5),ATALA
tensor(33),GREEN CELLED CATTLEHEART
tensor(1),AFRICAN GIANT SWALLOWTAIL
tensor(60),RED POSTMAN
tensor(63),GREAT JAY
tensor(21),EASTERN PINE ELFIN
tensor(62),SCARCE SWALLOW
tensor(42),GREY HAIRSTREAK
tensor(39),ULYSES
tensor(18),SLEEPY ORANGE
tensor(45),BROWN SIPROETA
tensor(40),MANGROVE SKIPPER
tensor(15),CHECQUERED SKIPPER
tensor(38),LARGE MARBLE
tensor(57),QUESTION MARK
tensor(24),ATALA
tensor(7),BANDED PEACOCK
tensor(53),ATALA
tensor(21),STRAITED QUEEN
tensor(16),CRIMSON PATCH
tensor(64),JULIA
tensor(36),RED POSTMAN
tensor(49),CHECQUERED SKIPPER
tensor(12),ZEBRA LONG WING
tensor(4),CRECENT
tensor(60),RED POSTMAN
tensor(67),MONARCH
tensor(55),PURPLE HAIRSTREAK
tensor(39),MALACHITE
tensor(66),SLEEPY ORANGE
tensor(73),YELLOW SWALLOW TAIL
tensor(24),CRECENT
tensor(53),PIPEVINE SWALLOW
tensor(34),GREY HAIRSTREAK
tensor(54),POPINJAY
tensor(16),CHESTNUT
tensor(39),CHECQUERED SKIPPER
tensor(0),GREY HAIRSTREAK
tensor(50),PAPER KITE
tensor(19),CLEOPATRA
tensor(21),PAINTED LADY
tensor(72),WOOD SATYR
tensor(10),ULYSES
tensor(6),JULIA
tensor(66),CRECENT
tensor(57),EASTERN COMA
tensor(67),CHECQUERED SKIPPER
tensor(33),RED POSTMAN
tensor(4),PAPER KITE
tensor(22),SOUTHERN DOGFACE
tensor(38),EASTERN DAPPLE WHITE
tensor(25),SILVER SPOT SKIPPER
tensor(28),STRAITED QUEEN
tensor(17),CLEOPATRA
tensor(46),CHECQUERED SKIPPER
tensor(20),ULYSES
tensor(54),RED CRACKER
tensor(51),EASTERN COMA
tensor(74),ATALA
tensor(67),STRAITED QUEEN
tensor(22),PEACOCK
tensor(52),PINE WHITE
tensor(11),GREEN CELLED CATTLEHEART
tensor(25),STRAITED QUEEN
tensor(42),MANGROVE SKIPPER
tensor(8),LARGE MARBLE
tensor(31),CHECQUERED SKIPPER
tensor(19),CLOUDED SULPHUR
tensor(45),MOURNING CLOAK
tensor(45),POPINJAY
tensor(15),DANAID EGGFLY
tensor(64),SOUTHERN DOGFACE
tensor(29),SCARCE SWALLOW
tensor(6),JULIA
tensor(34),GREY HAIRSTREAK
tensor(68),PAINTED LADY
tensor(26),EASTERN PINE ELFIN
tensor(62),SCARCE SWALLOW
tensor(8),LARGE MARBLE
tensor(41),PAINTED LADY
tensor(24),CRIMSON PATCH
tensor(23),CRECENT
tensor(16),SCARCE SWALLOW
tensor(42),METALMARK
tensor(45),MOURNING CLOAK
tensor(11),CHECQUERED SKIPPER
tensor(44),CHECQUERED SKIPPER
tensor(21),EASTERN DAPPLE WHITE
tensor(17),CLEOPATRA
tensor(3),AN 88
tensor(6),JULIA
tensor(56),CLOUDED SULPHUR
tensor(31),SOOTYWING
tensor(43),MILBERTS TORTOISESHELL
tensor(69),BANDED PEACOCK
tensor(64),SLEEPY ORANGE
tensor(68),JULIA
tensor(40),RED CRACKER
tensor(10),BLUE MORPHO
tensor(59),RED CRACKER
tensor(18),COPPER TAIL
tensor(40),MANGROVE SKIPPER
tensor(6),EASTERN PINE ELFIN
tensor(46),BANDED ORANGE HELICONIAN
tensor(49),PAINTED LADY
tensor(69),TWO BARRED FLASHER
tensor(51),MILBERTS TORTOISESHELL
tensor(33),GREEN CELLED CATTLEHEART
tensor(56),DANAID EGGFLY
tensor(63),SLEEPY ORANGE
tensor(55),ULYSES
tensor(51),PEACOCK
tensor(47),ORANGE TIP
tensor(68),LARGE MARBLE
tensor(24),CRIMSON PATCH
tensor(14),CAIRNS BIRDWING
tensor(47),ORANGE TIP
tensor(33),GREEN CELLED CATTLEHEART
tensor(4),PAPER KITE
tensor(53),PIPEVINE SWALLOW
tensor(27),EASTERN DAPPLE WHITE
tensor(32),GREEN CELLED CATTLEHEART
tensor(44),DANAID EGGFLY
tensor(66),SOUTHERN DOGFACE
tensor(46),CHESTNUT
tensor(49),PAINTED LADY
tensor(66),SLEEPY ORANGE
tensor(1),IPHICLUS SISTER
tensor(27),EASTERN DAPPLE WHITE
tensor(1),AFRICAN GIANT SWALLOWTAIL
tensor(27),EASTERN DAPPLE WHITE
tensor(46),CRIMSON PATCH
tensor(18),CABBAGE WHITE
tensor(13),CLEOPATRA
tensor(60),RED POSTMAN
tensor(9),MOURNING CLOAK
tensor(64),SLEEPY ORANGE
tensor(8),PINE WHITE
tensor(6),MALACHITE
tensor(74),CRECENT
tensor(33),GREEN CELLED CATTLEHEART
tensor(14),ATALA
tensor(44),VICEROY
tensor(21),SLEEPY ORANGE
tensor(72),WOOD SATYR
tensor(20),CHECQUERED SKIPPER
tensor(29),SCARCE SWALLOW
tensor(35),INDRA SWALLOW
tensor(35),INDRA SWALLOW
tensor(9),BLACK HAIRSTREAK
tensor(72),GREY HAIRSTREAK
tensor(1),SCARCE SWALLOW
tensor(33),SOOTYWING
tensor(27),BECKERS WHITE
tensor(4),DANAID EGGFLY
tensor(53),RED SPOTTED PURPLE
tensor(40),ZEBRA LONG WING
tensor(18),EASTERN DAPPLE WHITE
tensor(66),SLEEPY ORANGE
tensor(56),CRECENT
tensor(28),EASTERN PINE ELFIN
tensor(19),YELLOW SWALLOW TAIL
tensor(9),MILBERTS TORTOISESHELL
tensor(0),ADONIS
tensor(46),GREY HAIRSTREAK
tensor(32),SCARCE SWALLOW
tensor(54),POPINJAY
tensor(5),ATALA
tensor(16),CHESTNUT
tensor(70),TWO BARRED FLASHER
tensor(15),CHECQUERED SKIPPER
tensor(62),SCARCE SWALLOW
tensor(47),ORANGE TIP
tensor(7),BANDED PEACOCK
tensor(45),MOURNING CLOAK
tensor(37),SLEEPY ORANGE
tensor(35),GREEN CELLED CATTLEHEART
tensor(12),JULIA
tensor(34),PAINTED LADY
tensor(59),ORCHARD SWALLOW
tensor(25),MESTRA
tensor(8),PAPER KITE
tensor(18),MESTRA
tensor(4),SCARCE SWALLOW
tensor(0),ADONIS
tensor(31),ORCHARD SWALLOW
tensor(61),RED SPOTTED PURPLE
tensor(18),CLODIUS PARNASSIAN
tensor(66),JULIA
tensor(10),PIPEVINE SWALLOW
tensor(73),MALACHITE
tensor(55),GREY HAIRSTREAK
tensor(16),CHESTNUT
tensor(3),PURPLE HAIRSTREAK
tensor(14),MALACHITE
tensor(32),SOOTYWING
tensor(4),APPOLLO
tensor(36),IPHICLUS SISTER
tensor(43),RED SPOTTED PURPLE
tensor(59),INDRA SWALLOW
tensor(22),AN 88
tensor(64),SLEEPY ORANGE
tensor(4),ORCHARD SWALLOW
tensor(27),EASTERN DAPPLE WHITE
tensor(29),MESTRA
tensor(33),ATALA
tensor(33),GREEN CELLED CATTLEHEART
tensor(64),SLEEPY ORANGE
tensor(16),BANDED PEACOCK
tensor(44),CRIMSON PATCH
tensor(25),JULIA
tensor(28),EASTERN COMA
tensor(71),VICEROY
tensor(23),VICEROY
tensor(68),BANDED ORANGE HELICONIAN
tensor(63),MALACHITE
tensor(56),CHECQUERED SKIPPER
tensor(68),EASTERN PINE ELFIN
tensor(37),JULIA
tensor(14),CAIRNS BIRDWING
tensor(7),METALMARK
tensor(30),MILBERTS TORTOISESHELL
tensor(37),JULIA
tensor(44),JULIA
tensor(20),BLACK HAIRSTREAK
tensor(19),SOUTHERN DOGFACE
tensor(40),GREY HAIRSTREAK
tensor(29),ELBOWED PIERROT
tensor(70),ULYSES
tensor(25),GREAT JAY
tensor(70),ULYSES
tensor(35),PIPEVINE SWALLOW
tensor(34),GREY HAIRSTREAK
tensor(2),AN 88
tensor(57),EASTERN COMA
tensor(3),AN 88
tensor(17),CLEOPATRA
tensor(39),JULIA
tensor(15),EASTERN COMA
tensor(11),INDRA SWALLOW
tensor(8),CABBAGE WHITE
tensor(27),EASTERN DAPPLE WHITE
tensor(35),INDRA SWALLOW
tensor(8),SCARCE SWALLOW
tensor(14),CAIRNS BIRDWING
tensor(63),SILVER SPOT SKIPPER
tensor(66),CLOUDED SULPHUR
tensor(26),EASTERN COMA
tensor(3),AN 88
tensor(57),JULIA
tensor(34),GREY HAIRSTREAK
tensor(0),ADONIS
tensor(33),GREEN CELLED CATTLEHEART
tensor(30),MANGROVE SKIPPER
tensor(34),PINE WHITE
tensor(55),AN 88
tensor(34),PINE WHITE
tensor(36),IPHICLUS SISTER
tensor(67),STRAITED QUEEN
tensor(35),SOOTYWING
tensor(11),BLUE SPOTTED CROW
tensor(51),BANDED ORANGE HELICONIAN
tensor(29),ELBOWED PIERROT
tensor(8),APPOLLO
tensor(68),CHESTNUT
tensor(26),CHECQUERED SKIPPER
tensor(3),AN 88
tensor(11),GREEN CELLED CATTLEHEART
tensor(41),ELBOWED PIERROT
tensor(65),ATALA
tensor(10),ULYSES
tensor(40),MANGROVE SKIPPER
tensor(5),ATALA
tensor(48),APPOLLO
tensor(74),ZEBRA LONG WING
tensor(70),ULYSES
tensor(58),RED ADMIRAL
tensor(26),EASTERN COMA
tensor(6),BANDED ORANGE HELICONIAN
tensor(42),GREEN CELLED CATTLEHEART
tensor(47),BLACK HAIRSTREAK
tensor(61),GREY HAIRSTREAK
tensor(59),RED CRACKER
tensor(26),BANDED ORANGE HELICONIAN
tensor(20),BLUE SPOTTED CROW
tensor(19),SOUTHERN DOGFACE
tensor(24),CRIMSON PATCH
tensor(68),BLACK HAIRSTREAK
tensor(12),PURPLE HAIRSTREAK
tensor(14),BLUE SPOTTED CROW
tensor(26),EASTERN COMA
tensor(45),EASTERN PINE ELFIN
tensor(64),SLEEPY ORANGE
tensor(5),ATALA
tensor(28),EASTERN PINE ELFIN
tensor(60),RED CRACKER
tensor(36),IPHICLUS SISTER
tensor(43),WOOD SATYR
tensor(36),GREAT JAY
tensor(62),SCARCE SWALLOW
tensor(63),PURPLISH COPPER
tensor(58),RED ADMIRAL
tensor(10),RED CRACKER
tensor(42),METALMARK
tensor(33),GREEN CELLED CATTLEHEART
tensor(35),INDRA SWALLOW
tensor(3),AN 88
tensor(13),CABBAGE WHITE
tensor(45),MOURNING CLOAK
tensor(66),CLOUDED SULPHUR
tensor(26),MOURNING CLOAK
tensor(22),SLEEPY ORANGE
tensor(35),YELLOW SWALLOW TAIL
tensor(9),RED POSTMAN
tensor(38),LARGE MARBLE
tensor(53),PIPEVINE SWALLOW
tensor(38),LARGE MARBLE
tensor(1),AFRICAN GIANT SWALLOWTAIL
tensor(46),ORANGE TIP
tensor(53),GREY HAIRSTREAK
tensor(72),CHECQUERED SKIPPER
tensor(66),EASTERN COMA
tensor(74),ZEBRA LONG WING
tensor(56),APPOLLO
tensor(69),TWO BARRED FLASHER
tensor(13),CABBAGE WHITE
tensor(0),ADONIS
tensor(12),QUESTION MARK
tensor(14),INDRA SWALLOW
tensor(72),CRECENT
tensor(64),PAINTED LADY
tensor(49),VICEROY
tensor(1),AFRICAN GIANT SWALLOWTAIL
tensor(17),CLEOPATRA
tensor(28),EASTERN PINE ELFIN
tensor(14),CAIRNS BIRDWING
tensor(44),MONARCH
tensor(48),ORCHARD SWALLOW
tensor(53),PIPEVINE SWALLOW
tensor(45),MOURNING CLOAK
tensor(46),ORANGE TIP
tensor(21),MILBERTS TORTOISESHELL
tensor(27),LARGE MARBLE
tensor(59),RED CRACKER
tensor(47),ORANGE TIP
tensor(2),AMERICAN SNOOT
tensor(40),MANGROVE SKIPPER
tensor(41),APPOLLO
tensor(69),INDRA SWALLOW
tensor(70),ULYSES
tensor(71),CRIMSON PATCH
tensor(71),STRAITED QUEEN
tensor(22),EASTERN COMA
tensor(52),GREY HAIRSTREAK
tensor(21),CHECQUERED SKIPPER
tensor(64),JULIA
tensor(24),CRIMSON PATCH
tensor(32),GREAT JAY
tensor(8),RED CRACKER
tensor(25),PEACOCK
tensor(54),POPINJAY
tensor(34),GREAT JAY
tensor(44),SLEEPY ORANGE
tensor(16),CHESTNUT
tensor(65),SOOTYWING
tensor(5),ATALA
tensor(39),CHECQUERED SKIPPER
tensor(5),ATALA
tensor(42),GREY HAIRSTREAK
tensor(26),EASTERN COMA
tensor(24),DANAID EGGFLY
tensor(51),PEACOCK
tensor(61),CHESTNUT
tensor(73),YELLOW SWALLOW TAIL
tensor(52),PINE WHITE
tensor(6),DANAID EGGFLY
tensor(47),EASTERN DAPPLE WHITE
tensor(41),CLODIUS PARNASSIAN
tensor(71),EASTERN COMA
tensor(52),PINE WHITE
tensor(29),SCARCE SWALLOW
tensor(55),MESTRA
tensor(29),ELBOWED PIERROT
tensor(32),GREAT JAY
tensor(55),AMERICAN SNOOT
tensor(58),RED ADMIRAL
tensor(10),MOURNING CLOAK
tensor(26),EASTERN COMA
tensor(42),ATALA
tensor(62),ELBOWED PIERROT
tensor(47),ORANGE TIP
tensor(44),MONARCH
tensor(34),GREY HAIRSTREAK
tensor(44),MOURNING CLOAK
tensor(20),MALACHITE
tensor(62),SCARCE SWALLOW
tensor(67),STRAITED QUEEN
tensor(74),SOOTYWING
tensor(61),MANGROVE SKIPPER
tensor(61),RED SPOTTED PURPLE
tensor(32),GREAT JAY
tensor(36),CRECENT
tensor(14),CAIRNS BIRDWING
tensor(67),STRAITED QUEEN
tensor(67),STRAITED QUEEN
tensor(39),MALACHITE
tensor(56),ORANGE OAKLEAF
tensor(26),EASTERN COMA
tensor(50),PAPER KITE
tensor(3),COPPER TAIL
tensor(60),RED POSTMAN
tensor(26),CRECENT
tensor(74),SOOTYWING
tensor(43),MILBERTS TORTOISESHELL
tensor(19),SLEEPY ORANGE
tensor(34),GREY HAIRSTREAK
tensor(2),CRECENT
tensor(54),POPINJAY
tensor(61),CAIRNS BIRDWING
tensor(24),SILVER SPOT SKIPPER
tensor(54),SOOTYWING
tensor(49),VICEROY
tensor(39),MALACHITE
tensor(38),PINE WHITE
tensor(3),COPPER TAIL
tensor(4),APPOLLO
tensor(58),MOURNING CLOAK
tensor(32),APPOLLO
tensor(53),PIPEVINE SWALLOW
tensor(23),CRECENT
tensor(47),ORANGE TIP
tensor(9),WOOD SATYR
tensor(65),SOOTYWING
tensor(22),AN 88
tensor(11),CAIRNS BIRDWING
tensor(43),CRECENT
tensor(49),VICEROY
tensor(27),EASTERN DAPPLE WHITE
tensor(3),AN 88
tensor(39),MALACHITE
tensor(25),PAINTED LADY
tensor(41),PAINTED LADY
tensor(4),APPOLLO
tensor(9),PURPLE HAIRSTREAK
tensor(21),EASTERN PINE ELFIN
tensor(42),AN 88
tensor(30),MONARCH
tensor(59),RED CRACKER
tensor(5),RED CRACKER
tensor(52),PINE WHITE
tensor(8),LARGE MARBLE
tensor(41),MESTRA
tensor(25),RED POSTMAN
tensor(63),SOOTYWING
tensor(11),RED ADMIRAL
tensor(7),EASTERN PINE ELFIN
tensor(14),RED CRACKER
tensor(74),ZEBRA LONG WING
tensor(5),ATALA
tensor(53),PIPEVINE SWALLOW
tensor(51),VICEROY
tensor(45),MOURNING CLOAK
tensor(27),SLEEPY ORANGE
tensor(40),MANGROVE SKIPPER
tensor(48),ORCHARD SWALLOW
tensor(50),GREY HAIRSTREAK
tensor(37),JULIA
tensor(32),GREAT JAY
tensor(64),TROPICAL LEAFWING
tensor(67),VICEROY
tensor(65),MANGROVE SKIPPER
tensor(11),RED CRACKER
tensor(72),WOOD SATYR
tensor(28),SCARCE SWALLOW
tensor(8),SCARCE SWALLOW
tensor(45),MOURNING CLOAK
tensor(20),DANAID EGGFLY
tensor(59),RED CRACKER
tensor(10),RED SPOTTED PURPLE
tensor(67),STRAITED QUEEN
tensor(16),CHESTNUT
tensor(48),ORCHARD SWALLOW
tensor(5),ATALA
tensor(33),IPHICLUS SISTER
tensor(54),MANGROVE SKIPPER
tensor(65),SOOTYWING
tensor(44),MONARCH
tensor(14),CAIRNS BIRDWING
tensor(66),SLEEPY ORANGE
tensor(40),MANGROVE SKIPPER
tensor(20),EASTERN COMA
tensor(63),CHECQUERED SKIPPER
tensor(40),MANGROVE SKIPPER
tensor(3),AN 88
tensor(70),ULYSES
tensor(56),MILBERTS TORTOISESHELL
tensor(0),PINE WHITE
tensor(25),CHESTNUT
tensor(71),VICEROY
tensor(57),QUESTION MARK
tensor(35),INDRA SWALLOW
tensor(5),ATALA
tensor(53),RED CRACKER
tensor(41),CRECENT
tensor(67),VICEROY
tensor(39),CRIMSON PATCH
tensor(27),LARGE MARBLE
tensor(7),RED CRACKER
tensor(6),CHECQUERED SKIPPER
tensor(36),IPHICLUS SISTER
tensor(9),CRECENT
tensor(6),JULIA
tensor(19),SLEEPY ORANGE
tensor(5),ATALA
tensor(27),CLEOPATRA
tensor(50),APPOLLO
tensor(74),ZEBRA LONG WING
tensor(31),METALMARK
tensor(7),BANDED PEACOCK
tensor(12),BROWN SIPROETA
tensor(12),MILBERTS TORTOISESHELL
tensor(20),JULIA
tensor(11),ATALA
tensor(30),GOLD BANDED
tensor(3),AN 88
tensor(69),ZEBRA LONG WING
tensor(29),ELBOWED PIERROT
tensor(28),EASTERN PINE ELFIN
tensor(19),SLEEPY ORANGE
tensor(73),YELLOW SWALLOW TAIL
tensor(10),ULYSES
tensor(62),SCARCE SWALLOW
tensor(26),EASTERN PINE ELFIN
tensor(39),MALACHITE
tensor(72),WOOD SATYR
tensor(15),CHECQUERED SKIPPER
tensor(55),GREY HAIRSTREAK
tensor(9),MOURNING CLOAK
tensor(29),ELBOWED PIERROT
tensor(52),LARGE MARBLE
tensor(72),GREY HAIRSTREAK
tensor(2),SLEEPY ORANGE
tensor(14),RED CRACKER
tensor(27),SLEEPY ORANGE
tensor(22),EASTERN COMA
tensor(19),CLOUDED SULPHUR
tensor(65),ATALA
tensor(46),CHECQUERED SKIPPER
tensor(58),RED ADMIRAL
tensor(61),RED SPOTTED PURPLE
tensor(74),SILVER SPOT SKIPPER
tensor(52),AN 88
tensor(40),PAPER KITE
tensor(35),EASTERN DAPPLE WHITE
tensor(48),GREAT JAY
tensor(24),CRIMSON PATCH
tensor(18),APPOLLO
tensor(55),GREY HAIRSTREAK
tensor(17),CLEOPATRA
tensor(8),SCARCE SWALLOW
tensor(65),MOURNING CLOAK
tensor(46),ORANGE TIP
tensor(13),CABBAGE WHITE
tensor(64),SLEEPY ORANGE
tensor(71),MONARCH
tensor(23),WOOD SATYR
tensor(32),AN 88
tensor(3),AN 88
tensor(55),GREY HAIRSTREAK
tensor(6),TROPICAL LEAFWING
tensor(43),MILBERTS TORTOISESHELL
tensor(74),ZEBRA LONG WING
tensor(1),AFRICAN GIANT SWALLOWTAIL
tensor(28),EASTERN PINE ELFIN
tensor(48),LARGE MARBLE
tensor(22),COPPER TAIL
tensor(38),LARGE MARBLE
tensor(11),BLUE SPOTTED CROW
tensor(42),RED CRACKER
tensor(22),AN 88
tensor(49),PAINTED LADY
tensor(54),POPINJAY
tensor(29),ELBOWED PIERROT
tensor(5),ATALA
tensor(25),DANAID EGGFLY
tensor(11),MILBERTS TORTOISESHELL
tensor(7),BANDED PEACOCK
tensor(65),PIPEVINE SWALLOW
tensor(6),JULIA
tensor(29),ELBOWED PIERROT
tensor(59),RED CRACKER
tensor(14),CAIRNS BIRDWING
tensor(41),MESTRA
tensor(72),CHECQUERED SKIPPER
tensor(19),SOUTHERN DOGFACE
tensor(30),GOLD BANDED
tensor(4),PAPER KITE
tensor(65),ATALA
tensor(64),CLOUDED SULPHUR
tensor(22),SILVER SPOT SKIPPER
tensor(36),BANDED PEACOCK
tensor(65),EASTERN PINE ELFIN
tensor(10),GOLD BANDED
tensor(70),ULYSES
tensor(27),EASTERN DAPPLE WHITE
tensor(15),MILBERTS TORTOISESHELL
tensor(16),CHESTNUT
tensor(15),CHECQUERED SKIPPER
tensor(10),SOOTYWING
tensor(34),GREY HAIRSTREAK
tensor(67),STRAITED QUEEN
tensor(67),MONARCH
tensor(7),BANDED PEACOCK
tensor(66),PAINTED LADY
tensor(12),VICEROY
tensor(28),BLACK HAIRSTREAK
tensor(59),GREEN CELLED CATTLEHEART
tensor(46),CRECENT
tensor(15),CHECQUERED SKIPPER
tensor(8),PINE WHITE
tensor(65),RED CRACKER
tensor(2),MESTRA
tensor(12),CHECQUERED SKIPPER
tensor(66),SLEEPY ORANGE
tensor(31),RED POSTMAN
tensor(65),MANGROVE SKIPPER
tensor(63),CRIMSON PATCH
tensor(13),CABBAGE WHITE
tensor(37),JULIA
tensor(27),CLODIUS PARNASSIAN
tensor(46),IPHICLUS SISTER
tensor(5),ATALA
tensor(73),YELLOW SWALLOW TAIL
tensor(40),MANGROVE SKIPPER
tensor(49),VICEROY
tensor(16),CHESTNUT
tensor(28),EASTERN PINE ELFIN
tensor(26),MONARCH
tensor(17),CLOUDED SULPHUR
tensor(50),CLEOPATRA
tensor(2),STRAITED QUEEN
tensor(28),DANAID EGGFLY
tensor(9),BLACK HAIRSTREAK
tensor(16),SCARCE SWALLOW
tensor(69),CHECQUERED SKIPPER
tensor(46),ORANGE OAKLEAF
tensor(20),ZEBRA LONG WING
tensor(19),CLOUDED SULPHUR
tensor(21),EASTERN COMA
tensor(62),APPOLLO
tensor(15),WOOD SATYR
tensor(28),EASTERN PINE ELFIN
tensor(12),ATALA
tensor(11),MOURNING CLOAK
tensor(60),JULIA
tensor(69),MANGROVE SKIPPER
tensor(29),ELBOWED PIERROT
tensor(36),DANAID EGGFLY
tensor(7),BANDED PEACOCK
tensor(31),PAINTED LADY
tensor(72),EASTERN PINE ELFIN
tensor(2),YELLOW SWALLOW TAIL
tensor(11),TWO BARRED FLASHER
tensor(27),EASTERN PINE ELFIN
tensor(15),CHECQUERED SKIPPER
tensor(3),AN 88
tensor(1),MONARCH
tensor(42),ULYSES
tensor(27),LARGE MARBLE
tensor(34),CABBAGE WHITE
tensor(30),CHECQUERED SKIPPER
tensor(24),CRIMSON PATCH
tensor(64),SLEEPY ORANGE
tensor(6),SLEEPY ORANGE
tensor(49),BANDED ORANGE HELICONIAN
tensor(38),EASTERN DAPPLE WHITE
tensor(27),CHESTNUT
tensor(67),STRAITED QUEEN
tensor(48),ORCHARD SWALLOW
tensor(17),MALACHITE
tensor(43),CHECQUERED SKIPPER
tensor(73),MONARCH
tensor(44),BANDED ORANGE HELICONIAN
tensor(25),YELLOW SWALLOW TAIL
tensor(63),SOOTYWING
tensor(72),CRECENT
tensor(57),EASTERN COMA
tensor(37),JULIA
tensor(66),PAINTED LADY
tensor(43),CHECQUERED SKIPPER
tensor(13),CABBAGE WHITE
tensor(68),CHECQUERED SKIPPER
tensor(42),METALMARK
tensor(22),AN 88
tensor(38),APPOLLO
tensor(38),LARGE MARBLE
tensor(43),MILBERTS TORTOISESHELL
tensor(21),RED ADMIRAL
tensor(58),RED ADMIRAL
tensor(3),AN 88
tensor(12),MILBERTS TORTOISESHELL
tensor(58),RED ADMIRAL
tensor(27),CABBAGE WHITE
tensor(70),PIPEVINE SWALLOW
tensor(70),ULYSES
tensor(64),SLEEPY ORANGE
tensor(59),GREEN CELLED CATTLEHEART
tensor(22),MILBERTS TORTOISESHELL
tensor(32),GREAT JAY
tensor(74),SCARCE SWALLOW
tensor(10),BLUE MORPHO
tensor(70),MANGROVE SKIPPER
tensor(45),MOURNING CLOAK
tensor(51),PEACOCK
tensor(54),POPINJAY
tensor(54),POPINJAY
tensor(31),PURPLE HAIRSTREAK
tensor(11),GREEN CELLED CATTLEHEART
tensor(55),ZEBRA LONG WING
tensor(64),SLEEPY ORANGE
tensor(70),GREEN CELLED CATTLEHEART
tensor(32),CHESTNUT
tensor(51),CRECENT
tensor(45),EASTERN PINE ELFIN
tensor(57),STRAITED QUEEN
tensor(62),SCARCE SWALLOW
tensor(44),AMERICAN SNOOT
tensor(66),SOUTHERN DOGFACE
tensor(39),STRAITED QUEEN
tensor(63),GREY HAIRSTREAK
tensor(61),PIPEVINE SWALLOW
tensor(65),SOOTYWING
tensor(58),MILBERTS TORTOISESHELL
tensor(17),CLEOPATRA
tensor(11),INDRA SWALLOW
tensor(71),VICEROY
tensor(67),STRAITED QUEEN
tensor(54),POPINJAY
tensor(8),APPOLLO
tensor(52),MESTRA
tensor(42),ADONIS
tensor(64),SLEEPY ORANGE
tensor(51),PEACOCK
tensor(67),PEACOCK
tensor(2),EASTERN PINE ELFIN
tensor(36),ORCHARD SWALLOW
tensor(22),SLEEPY ORANGE
tensor(24),CRIMSON PATCH
tensor(6),JULIA
tensor(49),CHECQUERED SKIPPER
tensor(26),EASTERN COMA
tensor(16),CHESTNUT
tensor(57),STRAITED QUEEN
tensor(6),BANDED ORANGE HELICONIAN
tensor(28),EASTERN COMA
tensor(3),AN 88
tensor(66),SOUTHERN DOGFACE
tensor(3),AN 88
tensor(32),CHESTNUT
tensor(25),INDRA SWALLOW
tensor(52),CLEOPATRA
tensor(49),EASTERN COMA
tensor(32),RED CRACKER
tensor(71),CRECENT
tensor(74),ZEBRA LONG WING
tensor(62),DANAID EGGFLY
tensor(66),CLOUDED SULPHUR
tensor(74),ZEBRA LONG WING
tensor(35),INDRA SWALLOW
tensor(14),CAIRNS BIRDWING
tensor(5),TWO BARRED FLASHER
tensor(49),PAINTED LADY
tensor(57),BANDED ORANGE HELICONIAN
tensor(24),CRIMSON PATCH
tensor(54),POPINJAY
tensor(17),EASTERN DAPPLE WHITE
tensor(45),SOOTYWING
tensor(69),TWO BARRED FLASHER
tensor(15),CHECQUERED SKIPPER
tensor(39),EASTERN PINE ELFIN
tensor(51),CRECENT
tensor(68),STRAITED QUEEN
tensor(45),MOURNING CLOAK
tensor(36),MILBERTS TORTOISESHELL
tensor(11),CHECQUERED SKIPPER
tensor(63),ZEBRA LONG WING
tensor(37),JULIA
tensor(26),BANDED ORANGE HELICONIAN
tensor(0),ADONIS
tensor(74),ZEBRA LONG WING
tensor(34),LARGE MARBLE
tensor(73),YELLOW SWALLOW TAIL
tensor(61),MANGROVE SKIPPER
tensor(69),SCARCE SWALLOW
tensor(37),CHECQUERED SKIPPER
tensor(70),ULYSES
tensor(46),MANGROVE SKIPPER
tensor(47),EASTERN PINE ELFIN
tensor(2),SLEEPY ORANGE
tensor(21),PAINTED LADY
tensor(56),MILBERTS TORTOISESHELL
tensor(19),SOUTHERN DOGFACE
tensor(44),DANAID EGGFLY
tensor(69),RED CRACKER
tensor(25),ORCHARD SWALLOW
tensor(29),ELBOWED PIERROT
tensor(40),ZEBRA LONG WING
tensor(31),POPINJAY
tensor(25),ATALA
tensor(19),SLEEPY ORANGE
tensor(4),LARGE MARBLE
tensor(19),MALACHITE
tensor(5),POPINJAY
tensor(46),ULYSES
tensor(31),ATALA
tensor(49),GREAT JAY
tensor(57),EASTERN COMA
tensor(8),EASTERN DAPPLE WHITE
tensor(43),CHECQUERED SKIPPER
tensor(73),SCARCE SWALLOW
tensor(55),AN 88
tensor(63),SILVER SPOT SKIPPER
tensor(17),CABBAGE WHITE
tensor(65),SOOTYWING
tensor(48),ORCHARD SWALLOW
tensor(24),CRIMSON PATCH
tensor(14),AFRICAN GIANT SWALLOWTAIL
tensor(50),LARGE MARBLE
tensor(70),ULYSES
tensor(36),MILBERTS TORTOISESHELL
tensor(55),PURPLE HAIRSTREAK
tensor(60),RED POSTMAN
tensor(19),SLEEPY ORANGE
tensor(66),CLEOPATRA
tensor(46),SLEEPY ORANGE
tensor(23),CRECENT
tensor(20),EASTERN DAPPLE WHITE
tensor(27),LARGE MARBLE
tensor(6),BANDED ORANGE HELICONIAN
tensor(47),SLEEPY ORANGE
tensor(43),MILBERTS TORTOISESHELL
tensor(58),RED ADMIRAL
tensor(37),SLEEPY ORANGE
tensor(9),WOOD SATYR
tensor(31),POPINJAY
tensor(72),GREY HAIRSTREAK
tensor(43),MILBERTS TORTOISESHELL
tensor(54),POPINJAY
tensor(61),GREY HAIRSTREAK
tensor(21),ELBOWED PIERROT
tensor(34),PAPER KITE
tensor(19),SOUTHERN DOGFACE
tensor(9),EASTERN PINE ELFIN
tensor(20),EASTERN COMA
tensor(26),EASTERN COMA
tensor(54),POPINJAY
tensor(74),ZEBRA LONG WING
tensor(73),YELLOW SWALLOW TAIL
tensor(62),RED CRACKER
tensor(8),CLEOPATRA
tensor(42),METALMARK
tensor(38),SCARCE SWALLOW
tensor(60),RED POSTMAN
tensor(22),CHECQUERED SKIPPER
tensor(36),ZEBRA LONG WING
tensor(72),EASTERN PINE ELFIN
tensor(58),MOURNING CLOAK
tensor(22),GREY HAIRSTREAK
tensor(41),PAINTED LADY
tensor(19),CLOUDED SULPHUR
tensor(3),AN 88
tensor(41),MESTRA
tensor(22),MESTRA
tensor(71),CHECQUERED SKIPPER
tensor(15),CHECQUERED SKIPPER
tensor(30),CHECQUERED SKIPPER
tensor(70),ULYSES
tensor(41),MESTRA
tensor(30),EASTERN PINE ELFIN
tensor(8),APPOLLO
tensor(30),ATALA
tensor(64),SLEEPY ORANGE
tensor(61),GREEN CELLED CATTLEHEART
tensor(50),PAPER KITE
tensor(25),CRIMSON PATCH
tensor(52),BECKERS WHITE
tensor(26),EASTERN COMA
tensor(70),ADONIS
tensor(33),ATALA
tensor(40),EASTERN PINE ELFIN
tensor(3),AN 88
tensor(66),CLEOPATRA
tensor(45),ATALA
tensor(22),MESTRA
tensor(8),CABBAGE WHITE
tensor(5),ATALA
tensor(43),PURPLISH COPPER
tensor(48),CRIMSON PATCH
tensor(1),AFRICAN GIANT SWALLOWTAIL
tensor(68),PAINTED LADY
tensor(11),RED POSTMAN
tensor(7),BANDED PEACOCK
tensor(7),BANDED PEACOCK
tensor(17),CLEOPATRA
tensor(51),CRECENT
tensor(61),PURPLE HAIRSTREAK
tensor(14),METALMARK
tensor(7),ULYSES
tensor(45),MOURNING CLOAK
tensor(20),LARGE MARBLE
tensor(14),APPOLLO
tensor(15),PAINTED LADY
tensor(49),MALACHITE
tensor(51),PEACOCK
tensor(15),GREEN CELLED CATTLEHEART
tensor(67),AN 88
tensor(29),ELBOWED PIERROT
tensor(28),COPPER TAIL
tensor(41),GREY HAIRSTREAK
tensor(1),INDRA SWALLOW
tensor(48),CRIMSON PATCH
tensor(64),SLEEPY ORANGE
tensor(15),CHECQUERED SKIPPER
tensor(35),ATALA
tensor(62),SCARCE SWALLOW
tensor(1),AFRICAN GIANT SWALLOWTAIL
tensor(24),EASTERN PINE ELFIN
tensor(19),YELLOW SWALLOW TAIL
tensor(11),CRECENT
tensor(68),JULIA
tensor(5),GREEN CELLED CATTLEHEART
tensor(52),MESTRA
tensor(13),CABBAGE WHITE
tensor(7),BANDED PEACOCK
tensor(12),MILBERTS TORTOISESHELL
tensor(73),ELBOWED PIERROT
tensor(0),ADONIS
tensor(65),SOOTYWING
tensor(26),CRECENT
tensor(45),MOURNING CLOAK
tensor(24),CRIMSON PATCH
tensor(52),PINE WHITE
tensor(22),AN 88
tensor(39),GREAT JAY
tensor(28),EASTERN PINE ELFIN
tensor(64),JULIA
tensor(69),METALMARK
tensor(9),EASTERN PINE ELFIN
tensor(15),MONARCH
tensor(13),CABBAGE WHITE
tensor(35),IPHICLUS SISTER
tensor(60),RED POSTMAN
tensor(36),IPHICLUS SISTER
tensor(17),PINE WHITE
tensor(23),CRECENT
tensor(43),TWO BARRED FLASHER
tensor(54),POPINJAY
tensor(66),SOUTHERN DOGFACE
tensor(45),MOURNING CLOAK
tensor(62),SCARCE SWALLOW
tensor(41),MALACHITE
tensor(4),APPOLLO
tensor(61),RED CRACKER
tensor(68),SLEEPY ORANGE
tensor(9),SOUTHERN DOGFACE
tensor(56),CRIMSON PATCH
tensor(59),RED CRACKER
tensor(33),GREEN CELLED CATTLEHEART
tensor(17),CLEOPATRA
tensor(32),MANGROVE SKIPPER
tensor(21),BLACK HAIRSTREAK
tensor(16),COMMON WOOD-NYMPH
tensor(12),CHECQUERED SKIPPER
tensor(49),MONARCH
tensor(35),SCARCE SWALLOW
tensor(26),EASTERN COMA
tensor(58),RED ADMIRAL
tensor(74),RED ADMIRAL
tensor(74),RED ADMIRAL
tensor(37),SLEEPY ORANGE
tensor(51),PEACOCK
tensor(56),CRECENT
tensor(39),MALACHITE
tensor(12),BROWN SIPROETA
tensor(49),PAINTED LADY
tensor(66),CLOUDED SULPHUR
tensor(9),PAINTED LADY
tensor(14),BANDED PEACOCK
tensor(60),RED POSTMAN
tensor(54),MOURNING CLOAK
tensor(49),PAINTED LADY
tensor(28),ZEBRA LONG WING
tensor(49),VICEROY
tensor(51),EASTERN COMA
tensor(24),IPHICLUS SISTER
tensor(55),POPINJAY
tensor(24),CRIMSON PATCH
tensor(74),ZEBRA LONG WING
tensor(60),RED POSTMAN
tensor(23),CRECENT
tensor(20),EASTERN PINE ELFIN
tensor(32),GREAT JAY
tensor(68),EASTERN PINE ELFIN
tensor(61),PURPLE HAIRSTREAK
tensor(22),GREY HAIRSTREAK
tensor(74),ZEBRA LONG WING
tensor(8),IPHICLUS SISTER
tensor(56),CRECENT
tensor(19),CLOUDED SULPHUR
tensor(64),SLEEPY ORANGE
tensor(62),SCARCE SWALLOW
tensor(44),VICEROY
tensor(63),SOOTYWING
tensor(11),STRAITED QUEEN
tensor(19),CLEOPATRA
tensor(41),MESTRA
tensor(25),SLEEPY ORANGE
tensor(62),SCARCE SWALLOW
tensor(22),AN 88
tensor(2),EASTERN PINE ELFIN
tensor(35),RED SPOTTED PURPLE
tensor(51),PEACOCK
tensor(16),EASTERN PINE ELFIN
tensor(22),MALACHITE
tensor(53),PIPEVINE SWALLOW
tensor(16),ZEBRA LONG WING
tensor(17),SOUTHERN DOGFACE
tensor(60),RED POSTMAN
tensor(27),EASTERN DAPPLE WHITE
tensor(42),METALMARK
tensor(53),PIPEVINE SWALLOW
tensor(20),BLUE SPOTTED CROW
tensor(59),IPHICLUS SISTER
tensor(70),ULYSES
tensor(22),CLEOPATRA
tensor(41),PINE WHITE
tensor(57),PURPLISH COPPER
tensor(57),SLEEPY ORANGE
tensor(74),ZEBRA LONG WING
tensor(31),POPINJAY
tensor(72),SCARCE SWALLOW
tensor(18),APPOLLO
tensor(19),CLEOPATRA
tensor(25),MONARCH
tensor(2),CLODIUS PARNASSIAN
tensor(64),SLEEPY ORANGE
tensor(23),EASTERN PINE ELFIN
tensor(61),RED SPOTTED PURPLE
tensor(32),GREAT JAY
tensor(1),AFRICAN GIANT SWALLOWTAIL
tensor(24),CRECENT
tensor(64),SLEEPY ORANGE
tensor(55),RED CRACKER
tensor(0),ADONIS
tensor(18),APPOLLO
tensor(9),CHECQUERED SKIPPER
tensor(4),APPOLLO
tensor(48),CRIMSON PATCH
tensor(71),CRECENT
tensor(69),PIPEVINE SWALLOW
tensor(7),INDRA SWALLOW
tensor(39),YELLOW SWALLOW TAIL
tensor(2),AN 88
tensor(73),SCARCE SWALLOW
tensor(17),CLEOPATRA
tensor(12),BROWN SIPROETA
tensor(59),RED CRACKER
tensor(60),CRIMSON PATCH
tensor(47),ORANGE TIP
tensor(21),GREAT JAY
tensor(73),YELLOW SWALLOW TAIL
tensor(33),ZEBRA LONG WING
tensor(6),BANDED ORANGE HELICONIAN
tensor(14),GREEN CELLED CATTLEHEART
tensor(48),INDRA SWALLOW
tensor(39),WOOD SATYR
tensor(3),AN 88
tensor(56),PAINTED LADY
tensor(40),POPINJAY
tensor(36),IPHICLUS SISTER
tensor(60),CHECQUERED SKIPPER
tensor(59),GREEN CELLED CATTLEHEART
tensor(70),ULYSES
tensor(63),RED POSTMAN
tensor(17),CLEOPATRA
tensor(57),BANDED PEACOCK
tensor(3),AN 88
tensor(56),RED POSTMAN
tensor(12),PIPEVINE SWALLOW
tensor(28),RED ADMIRAL
tensor(6),VICEROY
tensor(16),CHESTNUT
tensor(46),ORANGE TIP
tensor(17),CLEOPATRA
tensor(70),ULYSES
tensor(53),PIPEVINE SWALLOW
tensor(59),GREEN CELLED CATTLEHEART
tensor(35),MILBERTS TORTOISESHELL
tensor(30),GOLD BANDED
tensor(62),SCARCE SWALLOW
tensor(42),ULYSES
tensor(64),SLEEPY ORANGE
tensor(52),EASTERN DAPPLE WHITE
tensor(10),POPINJAY
tensor(7),BANDED PEACOCK
tensor(45),MOURNING CLOAK
tensor(21),SOOTYWING
tensor(69),ZEBRA LONG WING
tensor(11),BANDED ORANGE HELICONIAN
tensor(29),ELBOWED PIERROT
tensor(8),EASTERN DAPPLE WHITE
tensor(50),LARGE MARBLE
tensor(12),MILBERTS TORTOISESHELL
tensor(5),ATALA
tensor(47),EASTERN COMA
tensor(65),POPINJAY
tensor(70),ULYSES
tensor(16),MESTRA
tensor(23),CRECENT
tensor(38),PINE WHITE
tensor(14),DANAID EGGFLY
tensor(15),CHECQUERED SKIPPER
tensor(36),IPHICLUS SISTER
tensor(55),WOOD SATYR
tensor(24),ATALA
tensor(32),ELBOWED PIERROT
tensor(13),LARGE MARBLE
tensor(36),IPHICLUS SISTER
tensor(11),BLUE SPOTTED CROW
tensor(27),SCARCE SWALLOW
tensor(1),VICEROY
tensor(36),IPHICLUS SISTER
tensor(34),PAPER KITE
tensor(43),ZEBRA LONG WING
tensor(34),APPOLLO
tensor(19),SOUTHERN DOGFACE
tensor(37),VICEROY
tensor(50),SCARCE SWALLOW
tensor(66),SLEEPY ORANGE
tensor(15),BLACK HAIRSTREAK
tensor(52),PINE WHITE
tensor(29),ELBOWED PIERROT
tensor(36),ZEBRA LONG WING
tensor(56),MILBERTS TORTOISESHELL
tensor(67),DANAID EGGFLY
tensor(15),CHECQUERED SKIPPER
tensor(54),RED CRACKER
tensor(74),SOOTYWING
tensor(67),STRAITED QUEEN
tensor(30),GOLD BANDED
tensor(6),BANDED ORANGE HELICONIAN
tensor(65),POPINJAY
tensor(65),SOOTYWING
tensor(30),PAINTED LADY
tensor(73),PIPEVINE SWALLOW
tensor(58),RED ADMIRAL
tensor(73),YELLOW SWALLOW TAIL
tensor(57),QUESTION MARK
tensor(45),MOURNING CLOAK
tensor(3),RED CRACKER
tensor(66),SLEEPY ORANGE
tensor(42),EASTERN PINE ELFIN
tensor(62),SCARCE SWALLOW
tensor(11),VICEROY
tensor(16),PAPER KITE
tensor(67),VICEROY
tensor(71),CRECENT
tensor(20),ATALA
tensor(9),EASTERN COMA
tensor(33),IPHICLUS SISTER
tensor(69),TWO BARRED FLASHER
tensor(63),DANAID EGGFLY
tensor(44),EASTERN PINE ELFIN
tensor(62),SCARCE SWALLOW
tensor(63),CHESTNUT
tensor(14),CAIRNS BIRDWING
tensor(25),DANAID EGGFLY
tensor(13),CABBAGE WHITE
tensor(22),APPOLLO
tensor(28),CHECQUERED SKIPPER
tensor(24),CRIMSON PATCH
tensor(18),CLODIUS PARNASSIAN
tensor(34),MALACHITE
tensor(6),PEACOCK
tensor(65),ATALA
tensor(73),CRIMSON PATCH
tensor(25),IPHICLUS SISTER
tensor(1),AFRICAN GIANT SWALLOWTAIL
tensor(66),SLEEPY ORANGE
tensor(31),CRECENT
tensor(50),PAPER KITE
tensor(13),CABBAGE WHITE
tensor(58),GREEN CELLED CATTLEHEART
tensor(69),TWO BARRED FLASHER
tensor(31),POPINJAY
tensor(60),MONARCH
tensor(59),PAINTED LADY
tensor(53),PIPEVINE SWALLOW
tensor(42),MILBERTS TORTOISESHELL
tensor(72),IPHICLUS SISTER
tensor(60),ATALA
tensor(40),RED CRACKER
tensor(55),MOURNING CLOAK
tensor(70),ULYSES
tensor(32),DANAID EGGFLY
tensor(49),PAINTED LADY
tensor(43),AFRICAN GIANT SWALLOWTAIL
tensor(2),STRAITED QUEEN
tensor(28),EASTERN PINE ELFIN
tensor(50),GREY HAIRSTREAK
tensor(17),SLEEPY ORANGE
tensor(19),CLOUDED SULPHUR
tensor(6),BANDED ORANGE HELICONIAN
tensor(52),CABBAGE WHITE
tensor(52),CABBAGE WHITE
tensor(3),SCARCE SWALLOW
tensor(41),EASTERN DAPPLE WHITE
tensor(46),ORANGE OAKLEAF
tensor(12),EASTERN DAPPLE WHITE
tensor(18),APPOLLO
tensor(13),CABBAGE WHITE
tensor(27),EASTERN DAPPLE WHITE
tensor(6),JULIA
tensor(30),CHECQUERED SKIPPER
tensor(72),CRECENT
tensor(7),BANDED ORANGE HELICONIAN
tensor(59),RED CRACKER
tensor(39),STRAITED QUEEN
tensor(64),CLOUDED SULPHUR
tensor(56),IPHICLUS SISTER
tensor(71),VICEROY
tensor(67),EASTERN PINE ELFIN
tensor(32),GREAT JAY
tensor(36),IPHICLUS SISTER
tensor(52),PINE WHITE
tensor(21),CHESTNUT
tensor(68),COMMON WOOD-NYMPH
tensor(71),VICEROY
tensor(40),RED CRACKER
tensor(14),MOURNING CLOAK
tensor(46),EASTERN COMA
tensor(27),EASTERN DAPPLE WHITE
tensor(24),EASTERN PINE ELFIN
tensor(12),EASTERN PINE ELFIN
tensor(47),ORANGE TIP
tensor(25),RED CRACKER
tensor(24),POPINJAY
tensor(45),BLUE SPOTTED CROW
tensor(54),POPINJAY
tensor(32),GREAT JAY
tensor(25),GREAT JAY
tensor(50),ZEBRA LONG WING
tensor(33),MANGROVE SKIPPER
tensor(11),SOOTYWING
tensor(17),CLEOPATRA
tensor(64),DANAID EGGFLY
tensor(9),SLEEPY ORANGE
tensor(57),CRIMSON PATCH
tensor(69),TWO BARRED FLASHER
tensor(73),YELLOW SWALLOW TAIL
tensor(56),SLEEPY ORANGE
tensor(55),GREY HAIRSTREAK
tensor(31),IPHICLUS SISTER
tensor(16),SCARCE SWALLOW
tensor(5),ATALA
tensor(52),CLODIUS PARNASSIAN
tensor(37),JULIA
tensor(50),GREY HAIRSTREAK
tensor(6),BANDED ORANGE HELICONIAN
tensor(2),STRAITED QUEEN
tensor(12),BROWN SIPROETA
tensor(19),CLOUDED SULPHUR
tensor(37),JULIA
tensor(12),BROWN SIPROETA
tensor(70),ULYSES
tensor(3),DANAID EGGFLY
tensor(31),INDRA SWALLOW
tensor(19),EASTERN COMA
tensor(74),ZEBRA LONG WING
tensor(22),EASTERN PINE ELFIN
tensor(74),RED CRACKER
tensor(32),SCARCE SWALLOW
tensor(50),PAPER KITE
tensor(62),SCARCE SWALLOW
tensor(14),CAIRNS BIRDWING
tensor(50),AN 88
tensor(71),CRECENT
tensor(48),ORCHARD SWALLOW
tensor(69),TWO BARRED FLASHER
tensor(40),ORANGE TIP
tensor(21),PAINTED LADY
tensor(25),INDRA SWALLOW
tensor(26),EASTERN COMA
tensor(62),SCARCE SWALLOW
tensor(49),PAINTED LADY
tensor(13),PINE WHITE
tensor(5),ATALA
tensor(38),LARGE MARBLE
tensor(48),ORCHARD SWALLOW
tensor(43),EASTERN PINE ELFIN
tensor(63),ZEBRA LONG WING
tensor(39),MALACHITE
tensor(48),CRIMSON PATCH
tensor(71),VICEROY
tensor(43),RED ADMIRAL
tensor(5),ATALA
tensor(33),GREEN CELLED CATTLEHEART
tensor(5),ATALA
tensor(56),SLEEPY ORANGE
tensor(65),MOURNING CLOAK
tensor(41),MESTRA
tensor(40),MANGROVE SKIPPER
tensor(59),JULIA
tensor(8),BECKERS WHITE
tensor(16),ZEBRA LONG WING
tensor(15),CHECQUERED SKIPPER
tensor(50),PAPER KITE
tensor(45),MOURNING CLOAK
tensor(0),ADONIS
tensor(61),PIPEVINE SWALLOW
tensor(41),MESTRA
tensor(38),EASTERN DAPPLE WHITE
tensor(47),ORANGE TIP
tensor(11),ATALA
tensor(5),ATALA
tensor(30),PIPEVINE SWALLOW
tensor(56),EASTERN PINE ELFIN
tensor(28),CHECQUERED SKIPPER
tensor(10),BROWN SIPROETA
tensor(51),BANDED ORANGE HELICONIAN
tensor(3),AN 88
tensor(52),PINE WHITE
tensor(26),EASTERN COMA
tensor(57),AMERICAN SNOOT
tensor(60),MOURNING CLOAK
tensor(9),ORANGE OAKLEAF
tensor(39),COPPER TAIL
tensor(64),CLEOPATRA
tensor(39),AN 88
tensor(43),MILBERTS TORTOISESHELL
tensor(37),JULIA
tensor(63),MANGROVE SKIPPER
tensor(59),CRIMSON PATCH
tensor(65),POPINJAY
tensor(70),PIPEVINE SWALLOW
tensor(46),EASTERN PINE ELFIN
tensor(70),ULYSES
tensor(12),BROWN SIPROETA
tensor(51),EASTERN COMA
tensor(67),CHECQUERED SKIPPER
tensor(35),MILBERTS TORTOISESHELL
tensor(53),CLODIUS PARNASSIAN
tensor(63),AN 88
tensor(47),EASTERN DAPPLE WHITE
tensor(30),GREEN CELLED CATTLEHEART
tensor(0),ADONIS
tensor(63),ELBOWED PIERROT
tensor(60),MONARCH
tensor(12),ATALA
tensor(15),CHECQUERED SKIPPER
tensor(67),QUESTION MARK
tensor(10),METALMARK
tensor(24),BLUE SPOTTED CROW
tensor(4),APPOLLO
tensor(60),POPINJAY
tensor(65),EASTERN PINE ELFIN
tensor(43),MILBERTS TORTOISESHELL
tensor(51),PEACOCK
tensor(14),CAIRNS BIRDWING
tensor(68),JULIA
tensor(70),ULYSES
tensor(23),EASTERN COMA
tensor(53),PIPEVINE SWALLOW
tensor(19),CLEOPATRA
tensor(64),CLOUDED SULPHUR
tensor(5),GREEN CELLED CATTLEHEART
tensor(71),BANDED ORANGE HELICONIAN
tensor(37),JULIA
tensor(2),CHESTNUT
tensor(57),JULIA
tensor(55),MANGROVE SKIPPER
tensor(38),LARGE MARBLE
tensor(61),RED SPOTTED PURPLE
tensor(26),EASTERN COMA
tensor(55),MANGROVE SKIPPER
tensor(24),CRIMSON PATCH
tensor(64),SLEEPY ORANGE
tensor(1),IPHICLUS SISTER
tensor(24),VICEROY
tensor(43),MILBERTS TORTOISESHELL
tensor(15),MILBERTS TORTOISESHELL
tensor(16),CHESTNUT
tensor(25),SCARCE SWALLOW
tensor(28),EASTERN PINE ELFIN
tensor(35),SOOTYWING
tensor(44),VICEROY
tensor(30),CHECQUERED SKIPPER
tensor(10),BLUE MORPHO
tensor(73),SCARCE SWALLOW
tensor(42),METALMARK
tensor(14),CAIRNS BIRDWING
tensor(34),ADONIS
tensor(33),GREEN CELLED CATTLEHEART
tensor(28),COMMON BANDED AWL
tensor(41),APPOLLO
tensor(27),ELBOWED PIERROT
tensor(0),ADONIS
tensor(11),GREEN CELLED CATTLEHEART
tensor(45),MOURNING CLOAK
tensor(9),CHECQUERED SKIPPER
tensor(35),BROWN SIPROETA
tensor(49),PAINTED LADY
tensor(8),APPOLLO
tensor(22),MILBERTS TORTOISESHELL
tensor(45),MOURNING CLOAK
tensor(24),CRIMSON PATCH
tensor(4),APPOLLO
tensor(53),PIPEVINE SWALLOW
tensor(41),EASTERN DAPPLE WHITE
tensor(28),EASTERN PINE ELFIN
tensor(6),SILVER SPOT SKIPPER
tensor(42),RED CRACKER
tensor(70),BLUE MORPHO
tensor(35),INDRA SWALLOW
tensor(11),STRAITED QUEEN
tensor(32),CRIMSON PATCH
tensor(6),BANDED ORANGE HELICONIAN
tensor(33),INDRA SWALLOW
tensor(45),MOURNING CLOAK
tensor(68),CLOUDED SULPHUR
tensor(45),CLEOPATRA
tensor(29),SCARCE SWALLOW
tensor(18),APPOLLO
tensor(69),TWO BARRED FLASHER
tensor(44),MONARCH
tensor(13),APPOLLO
tensor(6),CHECQUERED SKIPPER
tensor(56),CRECENT
tensor(29),SCARCE SWALLOW
tensor(57),EASTERN COMA
tensor(35),INDRA SWALLOW
tensor(22),BLACK HAIRSTREAK
tensor(59),RED CRACKER
tensor(46),IPHICLUS SISTER
tensor(18),CLODIUS PARNASSIAN
tensor(45),MOURNING CLOAK
tensor(18),APPOLLO
tensor(24),CRIMSON PATCH
tensor(6),BANDED ORANGE HELICONIAN
tensor(37),JULIA
tensor(36),IPHICLUS SISTER
tensor(17),SLEEPY ORANGE
tensor(53),RED CRACKER
tensor(59),JULIA
tensor(21),SOOTYWING
tensor(11),ULYSES
tensor(56),PEACOCK
tensor(2),APPOLLO
tensor(55),EASTERN PINE ELFIN
tensor(53),RED SPOTTED PURPLE
tensor(27),MESTRA
tensor(32),GREAT JAY
tensor(6),GREEN CELLED CATTLEHEART
tensor(36),IPHICLUS SISTER
tensor(29),ELBOWED PIERROT
tensor(33),GREEN CELLED CATTLEHEART
tensor(69),TWO BARRED FLASHER
tensor(19),SLEEPY ORANGE
tensor(15),JULIA
tensor(65),MOURNING CLOAK
tensor(37),CRECENT
tensor(34),ZEBRA LONG WING
tensor(66),SOUTHERN DOGFACE
tensor(17),PINE WHITE
tensor(46),CHESTNUT
tensor(63),SILVER SPOT SKIPPER
tensor(59),RED CRACKER
tensor(20),IPHICLUS SISTER
tensor(32),ZEBRA LONG WING
tensor(31),GREAT EGGFLY
tensor(19),CLOUDED SULPHUR
tensor(66),SOUTHERN DOGFACE
tensor(5),ATALA
tensor(64),SLEEPY ORANGE
tensor(12),ATALA
tensor(32),GREAT JAY
tensor(28),EASTERN PINE ELFIN
tensor(64),CLOUDED SULPHUR
tensor(0),ADONIS
tensor(20),SCARCE SWALLOW
tensor(74),ZEBRA LONG WING
tensor(72),PAINTED LADY
tensor(40),BLACK HAIRSTREAK
tensor(40),ULYSES
tensor(36),IPHICLUS SISTER
tensor(4),APPOLLO
tensor(71),MONARCH
tensor(29),DANAID EGGFLY
tensor(63),EASTERN PINE ELFIN
tensor(17),SOUTHERN DOGFACE
tensor(32),SILVER SPOT SKIPPER
tensor(20),MONARCH
tensor(6),JULIA
tensor(48),GREAT JAY
tensor(1),AFRICAN GIANT SWALLOWTAIL
tensor(25),DANAID EGGFLY
tensor(66),SOUTHERN DOGFACE
tensor(4),APPOLLO
tensor(46),MANGROVE SKIPPER
tensor(20),ELBOWED PIERROT
tensor(17),SLEEPY ORANGE
tensor(42),METALMARK
tensor(65),ATALA
tensor(47),EASTERN DAPPLE WHITE
tensor(30),MILBERTS TORTOISESHELL
tensor(50),CABBAGE WHITE
tensor(6),STRAITED QUEEN
tensor(15),STRAITED QUEEN
tensor(3),GREY HAIRSTREAK
tensor(6),PAINTED LADY
tensor(29),ELBOWED PIERROT
tensor(31),BLACK HAIRSTREAK
tensor(12),GREAT JAY
tensor(25),CRIMSON PATCH
tensor(54),ATALA
tensor(8),CABBAGE WHITE
tensor(42),MANGROVE SKIPPER
tensor(43),MILBERTS TORTOISESHELL
tensor(10),BLUE MORPHO
tensor(10),STRAITED QUEEN
tensor(15),PURPLISH COPPER
tensor(69),TWO BARRED FLASHER
tensor(26),QUESTION MARK
tensor(12),BROWN SIPROETA
tensor(23),CRECENT
tensor(17),CLEOPATRA
tensor(17),CLEOPATRA
tensor(13),MESTRA
tensor(43),MILBERTS TORTOISESHELL
tensor(11),BANDED ORANGE HELICONIAN
tensor(54),ATALA
tensor(25),DANAID EGGFLY
tensor(21),ZEBRA LONG WING
tensor(61),RED SPOTTED PURPLE
tensor(18),PINE WHITE
tensor(50),SCARCE SWALLOW
tensor(35),MOURNING CLOAK
tensor(40),MANGROVE SKIPPER
tensor(59),RED CRACKER
tensor(55),PURPLE HAIRSTREAK
tensor(21),EASTERN PINE ELFIN
tensor(32),COMMON WOOD-NYMPH
tensor(14),STRAITED QUEEN
tensor(26),EASTERN COMA
tensor(12),ATALA
tensor(45),MOURNING CLOAK
tensor(31),PAINTED LADY
tensor(50),PAINTED LADY
tensor(24),CRIMSON PATCH
tensor(30),GOLD BANDED
tensor(64),SLEEPY ORANGE
tensor(13),LARGE MARBLE
tensor(65),ATALA
tensor(17),CLEOPATRA
tensor(27),LARGE MARBLE
tensor(58),MOURNING CLOAK
tensor(61),SOOTYWING
tensor(23),PAINTED LADY
tensor(11),BANDED ORANGE HELICONIAN
tensor(53),ATALA
tensor(44),EASTERN PINE ELFIN
tensor(9),BLACK HAIRSTREAK
tensor(18),CABBAGE WHITE
tensor(6),BANDED ORANGE HELICONIAN
tensor(70),RED CRACKER
tensor(44),CRIMSON PATCH
tensor(45),RED SPOTTED PURPLE
tensor(10),ADONIS
tensor(63),CHESTNUT
tensor(20),PINE WHITE
tensor(51),STRAITED QUEEN
tensor(25),INDRA SWALLOW
tensor(54),POPINJAY
tensor(8),BECKERS WHITE
tensor(20),AMERICAN SNOOT
tensor(59),DANAID EGGFLY
tensor(34),GREY HAIRSTREAK
tensor(36),IPHICLUS SISTER
tensor(0),ADONIS
tensor(46),ORANGE OAKLEAF
tensor(37),JULIA
tensor(7),BANDED PEACOCK
tensor(0),ADONIS
tensor(72),CHECQUERED SKIPPER
tensor(15),CHECQUERED SKIPPER
tensor(48),ATALA
tensor(66),IPHICLUS SISTER
tensor(40),MANGROVE SKIPPER
tensor(57),MALACHITE
tensor(74),ZEBRA LONG WING
tensor(26),JULIA
tensor(74),INDRA SWALLOW
tensor(4),APPOLLO
tensor(73),YELLOW SWALLOW TAIL
tensor(53),PIPEVINE SWALLOW
tensor(17),SCARCE SWALLOW
tensor(1),RED CRACKER
tensor(25),MESTRA
tensor(17),SLEEPY ORANGE
tensor(28),MONARCH
tensor(9),BLACK HAIRSTREAK
tensor(34),CHECQUERED SKIPPER
tensor(24),CRIMSON PATCH
tensor(58),SOOTYWING
tensor(40),MANGROVE SKIPPER
tensor(32),CAIRNS BIRDWING
tensor(13),CABBAGE WHITE
tensor(68),DANAID EGGFLY
tensor(61),MANGROVE SKIPPER
tensor(5),SOOTYWING
tensor(57),PAINTED LADY
tensor(43),MILBERTS TORTOISESHELL
tensor(69),TWO BARRED FLASHER
tensor(44),MALACHITE
tensor(69),METALMARK
tensor(17),ORANGE TIP
tensor(53),PIPEVINE SWALLOW
tensor(23),VICEROY
tensor(41),DANAID EGGFLY
tensor(26),STRAITED QUEEN
tensor(49),SLEEPY ORANGE
tensor(33),GREEN CELLED CATTLEHEART
tensor(26),EASTERN COMA
tensor(19),SLEEPY ORANGE
tensor(62),SCARCE SWALLOW
tensor(9),BLACK HAIRSTREAK
tensor(52),WOOD SATYR
tensor(74),POPINJAY
tensor(55),GREY HAIRSTREAK
tensor(62),PAPER KITE
tensor(2),PURPLE HAIRSTREAK
tensor(36),IPHICLUS SISTER
tensor(17),CLEOPATRA
tensor(50),PAPER KITE
tensor(61),POPINJAY
tensor(53),PIPEVINE SWALLOW
tensor(63),SILVER SPOT SKIPPER
tensor(18),CABBAGE WHITE
tensor(13),BECKERS WHITE
tensor(8),CABBAGE WHITE
tensor(24),CRIMSON PATCH
tensor(12),CRECENT
tensor(54),POPINJAY
tensor(56),MILBERTS TORTOISESHELL
tensor(43),MILBERTS TORTOISESHELL
tensor(34),GREY HAIRSTREAK
tensor(32),PIPEVINE SWALLOW
tensor(17),CLEOPATRA
tensor(41),MESTRA
tensor(54),POPINJAY
tensor(61),GREY HAIRSTREAK
tensor(11),SOOTYWING
tensor(48),ATALA
tensor(13),CABBAGE WHITE
tensor(17),CLOUDED SULPHUR
tensor(22),EASTERN PINE ELFIN
tensor(22),BLACK HAIRSTREAK
tensor(29),MANGROVE SKIPPER
tensor(72),MESTRA
tensor(52),GREY HAIRSTREAK
tensor(59),RED CRACKER
tensor(45),MOURNING CLOAK
tensor(56),LARGE MARBLE
tensor(70),ULYSES
tensor(55),RED CRACKER
tensor(28),EASTERN PINE ELFIN
tensor(59),IPHICLUS SISTER
tensor(10),CHESTNUT
tensor(47),ORANGE TIP
tensor(43),MILBERTS TORTOISESHELL
tensor(64),GREAT JAY
tensor(36),IPHICLUS SISTER
tensor(56),MANGROVE SKIPPER
tensor(14),CAIRNS BIRDWING
tensor(46),PAINTED LADY
tensor(58),RED ADMIRAL
tensor(25),MALACHITE
tensor(55),GREY HAIRSTREAK
tensor(47),APPOLLO
tensor(66),SOUTHERN DOGFACE
tensor(3),AN 88
tensor(4),APPOLLO
tensor(52),PINE WHITE
tensor(58),GREEN CELLED CATTLEHEART
tensor(43),CRECENT
tensor(21),EASTERN PINE ELFIN
tensor(58),MOURNING CLOAK
tensor(62),SCARCE SWALLOW
tensor(5),ATALA
tensor(37),BANDED ORANGE HELICONIAN
tensor(4),APPOLLO
tensor(42),METALMARK
tensor(36),IPHICLUS SISTER
tensor(39),CAIRNS BIRDWING
tensor(58),RED ADMIRAL
tensor(64),SLEEPY ORANGE
tensor(63),SOOTYWING
tensor(41),SOUTHERN DOGFACE
tensor(24),CRIMSON PATCH
tensor(11),RED CRACKER
tensor(59),RED CRACKER
tensor(35),INDRA SWALLOW
tensor(40),APPOLLO
tensor(8),EASTERN DAPPLE WHITE
tensor(59),QUESTION MARK
tensor(29),ELBOWED PIERROT
tensor(5),ATALA
tensor(37),JULIA
tensor(3),AN 88
tensor(9),STRAITED QUEEN
tensor(14),CAIRNS BIRDWING
tensor(58),RED ADMIRAL
tensor(62),SCARCE SWALLOW
tensor(25),ATALA
tensor(32),EASTERN PINE ELFIN
tensor(47),ORANGE TIP
tensor(46),ORANGE OAKLEAF
tensor(51),EASTERN PINE ELFIN
tensor(47),CLEOPATRA
tensor(70),ULYSES
tensor(19),CLOUDED SULPHUR
tensor(42),ZEBRA LONG WING
tensor(9),BLACK HAIRSTREAK
tensor(31),SILVER SPOT SKIPPER
tensor(70),ULYSES
tensor(25),CAIRNS BIRDWING
tensor(19),SLEEPY ORANGE
tensor(6),EASTERN COMA
tensor(3),AN 88
tensor(30),PAINTED LADY
tensor(43),CRECENT
tensor(41),MESTRA
tensor(72),CHECQUERED SKIPPER
tensor(27),LARGE MARBLE
tensor(11),ATALA
tensor(23),VICEROY
tensor(35),ATALA
tensor(29),ELBOWED PIERROT
tensor(47),SOUTHERN DOGFACE
tensor(45),MOURNING CLOAK
tensor(65),SOOTYWING
tensor(36),GREEN CELLED CATTLEHEART
tensor(48),ORCHARD SWALLOW
tensor(24),CRIMSON PATCH
tensor(30),GOLD BANDED
tensor(15),STRAITED QUEEN
tensor(62),SCARCE SWALLOW
tensor(35),INDRA SWALLOW
tensor(69),TWO BARRED FLASHER
tensor(17),CLEOPATRA
tensor(55),PURPLE HAIRSTREAK
tensor(35),YELLOW SWALLOW TAIL
tensor(11),BLUE SPOTTED CROW
tensor(67),AN 88
tensor(56),CRECENT
tensor(14),CAIRNS BIRDWING
tensor(35),GREEN CELLED CATTLEHEART
tensor(55),CHESTNUT
tensor(65),SCARCE SWALLOW
tensor(32),IPHICLUS SISTER
tensor(16),GREY HAIRSTREAK
tensor(8),CABBAGE WHITE
tensor(46),ORANGE OAKLEAF
tensor(55),TWO BARRED FLASHER
tensor(67),SILVER SPOT SKIPPER
tensor(42),ZEBRA LONG WING
tensor(22),MESTRA
tensor(21),COMMON WOOD-NYMPH
tensor(51),EASTERN COMA
tensor(51),PEACOCK
tensor(65),MOURNING CLOAK
tensor(73),GREAT EGGFLY
tensor(7),BANDED PEACOCK
tensor(61),ATALA
tensor(65),ZEBRA LONG WING
tensor(52),PINE WHITE
tensor(25),DANAID EGGFLY
tensor(58),RED ADMIRAL
tensor(74),ZEBRA LONG WING
tensor(16),CHESTNUT
tensor(59),RED CRACKER
tensor(16),MANGROVE SKIPPER
tensor(33),GREEN CELLED CATTLEHEART
tensor(19),SLEEPY ORANGE
tensor(66),SOUTHERN DOGFACE
tensor(18),GREY HAIRSTREAK
tensor(41),GREY HAIRSTREAK
tensor(73),YELLOW SWALLOW TAIL
tensor(10),ULYSES
tensor(53),MANGROVE SKIPPER
tensor(17),SLEEPY ORANGE
tensor(33),GREEN CELLED CATTLEHEART
tensor(61),MANGROVE SKIPPER
tensor(4),APPOLLO
tensor(23),CRECENT
tensor(41),APPOLLO
tensor(7),BANDED PEACOCK
tensor(4),APPOLLO
tensor(4),PAPER KITE
tensor(34),GREY HAIRSTREAK
tensor(39),SCARCE SWALLOW
tensor(65),ATALA
tensor(49),PAINTED LADY
tensor(67),STRAITED QUEEN
tensor(6),BANDED ORANGE HELICONIAN
tensor(45),MOURNING CLOAK
tensor(65),SOOTYWING
tensor(63),SILVER SPOT SKIPPER
tensor(50),MANGROVE SKIPPER
tensor(6),JULIA
tensor(45),SILVER SPOT SKIPPER
tensor(23),CRECENT
tensor(56),PAINTED LADY
tensor(27),CLEOPATRA
tensor(15),MONARCH
tensor(58),ZEBRA LONG WING
tensor(30),MANGROVE SKIPPER
tensor(27),SLEEPY ORANGE
tensor(54),POPINJAY
tensor(19),SLEEPY ORANGE
tensor(26),EASTERN COMA
tensor(27),EASTERN DAPPLE WHITE
tensor(8),ELBOWED PIERROT
tensor(23),CLOUDED SULPHUR
tensor(70),ULYSES
tensor(73),YELLOW SWALLOW TAIL
tensor(50),PAPER KITE
tensor(62),SCARCE SWALLOW
tensor(10),ADONIS
tensor(8),LARGE MARBLE
tensor(27),CABBAGE WHITE
tensor(5),ATALA
tensor(20),COMMON BANDED AWL
tensor(27),AMERICAN SNOOT
tensor(34),GREY HAIRSTREAK
tensor(51),BLUE SPOTTED CROW
tensor(44),VICEROY
tensor(68),SLEEPY ORANGE
tensor(22),PAPER KITE
tensor(11),COMMON WOOD-NYMPH
tensor(56),SLEEPY ORANGE
tensor(65),SOOTYWING
tensor(39),COPPER TAIL
tensor(71),MILBERTS TORTOISESHELL
tensor(64),SLEEPY ORANGE
tensor(66),SLEEPY ORANGE
tensor(12),BROWN SIPROETA
tensor(47),EASTERN DAPPLE WHITE
tensor(56),SLEEPY ORANGE
tensor(6),BANDED ORANGE HELICONIAN
tensor(26),EASTERN COMA
tensor(12),BROWN SIPROETA
tensor(71),VICEROY
tensor(5),MOURNING CLOAK
tensor(33),BLUE SPOTTED CROW
tensor(19),SLEEPY ORANGE
tensor(13),CABBAGE WHITE
tensor(18),EASTERN PINE ELFIN
tensor(53),RED CRACKER
tensor(2),APPOLLO
tensor(51),RED ADMIRAL
tensor(41),MESTRA
tensor(18),GREY HAIRSTREAK
tensor(70),ULYSES
tensor(16),ZEBRA LONG WING
tensor(39),BANDED PEACOCK
tensor(5),MILBERTS TORTOISESHELL
tensor(39),MALACHITE
tensor(14),MILBERTS TORTOISESHELL
tensor(53),ELBOWED PIERROT
tensor(13),APPOLLO
tensor(61),RED SPOTTED PURPLE
tensor(60),RED POSTMAN
tensor(66),SOUTHERN DOGFACE
tensor(31),ATALA
tensor(73),EASTERN PINE ELFIN
tensor(65),MANGROVE SKIPPER
tensor(36),IPHICLUS SISTER
tensor(46),BLACK HAIRSTREAK
tensor(40),MANGROVE SKIPPER
tensor(45),MOURNING CLOAK
tensor(4),EASTERN DAPPLE WHITE
tensor(29),SCARCE SWALLOW
tensor(5),MANGROVE SKIPPER
